-- phpMyAdmin SQL Dump
-- version 5.2.1
-- https://www.phpmyadmin.net/
--
-- Servidor: db
-- Tiempo de generación: 13-05-2024 a las 17:22:07
-- Versión del servidor: 5.7.44
-- Versión de PHP: 8.2.18

SET SQL_MODE = "NO_AUTO_VALUE_ON_ZERO";
START TRANSACTION;
SET time_zone = "+00:00";


/*!40101 SET @OLD_CHARACTER_SET_CLIENT=@@CHARACTER_SET_CLIENT */;
/*!40101 SET @OLD_CHARACTER_SET_RESULTS=@@CHARACTER_SET_RESULTS */;
/*!40101 SET @OLD_COLLATION_CONNECTION=@@COLLATION_CONNECTION */;
/*!40101 SET NAMES utf8mb4 */;

--
-- Base de datos: `testdb`
--

-- --------------------------------------------------------

--
-- Estructura de tabla para la tabla `failed_jobs`
--

CREATE TABLE `failed_jobs` (
  `id` bigint(20) UNSIGNED NOT NULL,
  `uuid` varchar(255) COLLATE utf8mb4_unicode_ci NOT NULL,
  `connection` text COLLATE utf8mb4_unicode_ci NOT NULL,
  `queue` text COLLATE utf8mb4_unicode_ci NOT NULL,
  `payload` longtext COLLATE utf8mb4_unicode_ci NOT NULL,
  `exception` longtext COLLATE utf8mb4_unicode_ci NOT NULL,
  `failed_at` timestamp NOT NULL DEFAULT CURRENT_TIMESTAMP
) ENGINE=InnoDB DEFAULT CHARSET=utf8mb4 COLLATE=utf8mb4_unicode_ci;

-- --------------------------------------------------------

--
-- Estructura de tabla para la tabla `migrations`
--

CREATE TABLE `migrations` (
  `id` int(10) UNSIGNED NOT NULL,
  `migration` varchar(255) COLLATE utf8mb4_unicode_ci NOT NULL,
  `batch` int(11) NOT NULL
) ENGINE=InnoDB DEFAULT CHARSET=utf8mb4 COLLATE=utf8mb4_unicode_ci;

--
-- Volcado de datos para la tabla `migrations`
--

INSERT INTO `migrations` (`id`, `migration`, `batch`) VALUES
(1, '2014_10_12_000000_create_users_table', 1),
(2, '2014_10_12_100000_create_password_resets_table', 1),
(3, '2019_08_19_000000_create_failed_jobs_table', 1),
(4, '2019_12_14_000001_create_personal_access_tokens_table', 1),
(5, '2024_05_10_172846_create_products_table', 1),
(6, '2024_05_10_172906_create_reviews_table', 1);

-- --------------------------------------------------------

--
-- Estructura de tabla para la tabla `password_resets`
--

CREATE TABLE `password_resets` (
  `email` varchar(255) COLLATE utf8mb4_unicode_ci NOT NULL,
  `token` varchar(255) COLLATE utf8mb4_unicode_ci NOT NULL,
  `created_at` timestamp NULL DEFAULT NULL
) ENGINE=InnoDB DEFAULT CHARSET=utf8mb4 COLLATE=utf8mb4_unicode_ci;

-- --------------------------------------------------------

--
-- Estructura de tabla para la tabla `personal_access_tokens`
--

CREATE TABLE `personal_access_tokens` (
  `id` bigint(20) UNSIGNED NOT NULL,
  `tokenable_type` varchar(255) COLLATE utf8mb4_unicode_ci NOT NULL,
  `tokenable_id` bigint(20) UNSIGNED NOT NULL,
  `name` varchar(255) COLLATE utf8mb4_unicode_ci NOT NULL,
  `token` varchar(64) COLLATE utf8mb4_unicode_ci NOT NULL,
  `abilities` text COLLATE utf8mb4_unicode_ci,
  `last_used_at` timestamp NULL DEFAULT NULL,
  `created_at` timestamp NULL DEFAULT NULL,
  `updated_at` timestamp NULL DEFAULT NULL
) ENGINE=InnoDB DEFAULT CHARSET=utf8mb4 COLLATE=utf8mb4_unicode_ci;

-- --------------------------------------------------------

--
-- Estructura de tabla para la tabla `products`
--

CREATE TABLE `products` (
  `id` int(10) UNSIGNED NOT NULL,
  `name` varchar(255) COLLATE utf8mb4_unicode_ci NOT NULL,
  `description` text COLLATE utf8mb4_unicode_ci NOT NULL,
  `price` int(11) NOT NULL,
  `stock` int(11) NOT NULL,
  `discount` int(11) NOT NULL,
  `created_at` timestamp NULL DEFAULT NULL,
  `updated_at` timestamp NULL DEFAULT NULL
) ENGINE=InnoDB DEFAULT CHARSET=utf8mb4 COLLATE=utf8mb4_unicode_ci;

--
-- Volcado de datos para la tabla `products`
--

INSERT INTO `products` (`id`, `name`, `description`, `price`, `stock`, `discount`, `created_at`, `updated_at`) VALUES
(1, 'sed', 'Et quos quibusdam facilis. Rerum architecto voluptatem rem. Nihil voluptas sit dicta. Distinctio quos perferendis consectetur aut est molestiae voluptatem.', 136, 1, 12, '2024-05-13 17:20:31', '2024-05-13 17:20:31'),
(2, 'voluptas', 'Ea sunt consequatur fuga qui dolorum quidem quia. Ab enim repellat vitae ut ut aut. Aspernatur provident culpa qui odit mollitia animi. Dolor voluptate eligendi excepturi esse quia eligendi voluptatem.', 175, 5, 4, '2024-05-13 17:20:31', '2024-05-13 17:20:31'),
(3, 'officiis', 'Voluptatibus in eum voluptatem magni autem deserunt. Aut fugiat accusamus enim rerum perspiciatis sit. Eveniet dolorem sed qui molestiae est possimus.', 842, 7, 25, '2024-05-13 17:20:31', '2024-05-13 17:20:31'),
(4, 'rerum', 'Natus quis libero praesentium praesentium omnis. Aut deleniti fuga ipsam rerum voluptas. Vel sed voluptatem enim accusamus in. Nemo optio voluptas aliquid saepe occaecati officia.', 264, 5, 12, '2024-05-13 17:20:31', '2024-05-13 17:20:31'),
(5, 'voluptatem', 'Dolor aut iste harum commodi ut explicabo dolorum. Est officiis vel adipisci suscipit consequatur sed magni in. Laborum accusantium sit aut quisquam.', 596, 3, 5, '2024-05-13 17:20:31', '2024-05-13 17:20:31'),
(6, 'ratione', 'Perspiciatis ullam iste nihil molestias reprehenderit. Autem voluptatibus aut animi inventore laudantium ea. Laudantium omnis facere facilis enim quia laboriosam. Reiciendis vitae maiores pariatur facere labore.', 847, 5, 4, '2024-05-13 17:20:31', '2024-05-13 17:20:31'),
(7, 'atque', 'Autem cum eum excepturi sit et nesciunt. Omnis beatae perferendis odio sed. Error ea mollitia id.', 289, 1, 26, '2024-05-13 17:20:31', '2024-05-13 17:20:31'),
(8, 'nihil', 'Hic provident rerum officiis a veniam at quis. Quia reiciendis quod omnis esse dolores consequatur quia.', 239, 6, 29, '2024-05-13 17:20:31', '2024-05-13 17:20:31'),
(9, 'praesentium', 'Quia molestiae quia quia inventore illum eligendi suscipit. Rerum voluptas perferendis quam nemo. Assumenda vel officiis est recusandae in est. Ut qui quod laboriosam nihil saepe.', 165, 2, 26, '2024-05-13 17:20:31', '2024-05-13 17:20:31'),
(10, 'vel', 'Quidem nobis nostrum ad harum quasi. Sed est id ipsum porro quisquam sed dolore. Aspernatur quia repellat quia soluta voluptatem dolores rem.', 793, 3, 16, '2024-05-13 17:20:31', '2024-05-13 17:20:31'),
(11, 'cum', 'Architecto pariatur praesentium porro. Veritatis sequi officiis aut et aut maxime sequi. Culpa nostrum in fugiat eius rerum doloremque. Id quas excepturi incidunt culpa.', 757, 3, 10, '2024-05-13 17:20:31', '2024-05-13 17:20:31'),
(12, 'unde', 'Exercitationem mollitia sed aperiam dicta aliquam ut sint. Dolorem voluptatibus illo quis reprehenderit. Aperiam quae voluptate dicta aut et alias sapiente.', 398, 3, 12, '2024-05-13 17:20:31', '2024-05-13 17:20:31'),
(13, 'ex', 'Placeat dolores numquam distinctio. Commodi unde quos ipsum sequi et voluptatum fuga. Architecto dolorem perspiciatis sint optio aut veritatis enim vel. Cumque autem sed placeat odit ea hic tempora.', 829, 0, 2, '2024-05-13 17:20:31', '2024-05-13 17:20:31'),
(14, 'quia', 'Corrupti numquam veniam autem non alias rerum. Corporis dolores alias quia earum. Eaque dolor quas quaerat quaerat quaerat.', 645, 1, 27, '2024-05-13 17:20:31', '2024-05-13 17:20:31'),
(15, 'qui', 'Vitae perspiciatis veniam neque molestiae facere at quis. Et beatae expedita sunt cumque nobis. Accusamus nihil consequuntur quidem ut.', 647, 6, 28, '2024-05-13 17:20:31', '2024-05-13 17:20:31'),
(16, 'illum', 'Animi laboriosam commodi voluptate ea accusantium ipsa repellendus. Est corrupti voluptatem nulla maxime eveniet. Ex magnam velit et consequuntur adipisci. Velit eveniet consequatur sit.', 480, 6, 12, '2024-05-13 17:20:31', '2024-05-13 17:20:31'),
(17, 'mollitia', 'Doloremque molestiae velit beatae laboriosam. Quo at qui recusandae accusantium. Eum alias minus est reprehenderit rerum eaque impedit. Doloremque voluptatem aut cumque ullam quas.', 512, 7, 3, '2024-05-13 17:20:31', '2024-05-13 17:20:31'),
(18, 'optio', 'Et eos hic possimus odit. Rerum explicabo voluptatum dolores sit facere quaerat. Rem ullam laboriosam architecto autem doloribus. Beatae qui aut ut voluptatem voluptatem voluptatem dolorum ut. Occaecati ut maiores ut incidunt aut quibusdam.', 736, 3, 6, '2024-05-13 17:20:31', '2024-05-13 17:20:31'),
(19, 'saepe', 'Quaerat quisquam qui unde esse ipsa. Aperiam cupiditate voluptate incidunt est veniam quis nihil est. Qui ut autem omnis quibusdam ipsam.', 413, 1, 8, '2024-05-13 17:20:31', '2024-05-13 17:20:31'),
(20, 'voluptas', 'Blanditiis dicta quam voluptas ipsum qui consectetur molestias itaque. Doloremque magnam sapiente harum pariatur.', 653, 7, 27, '2024-05-13 17:20:31', '2024-05-13 17:20:31'),
(21, 'voluptatem', 'Itaque rerum veniam eum mollitia vel aut. Ad praesentium sunt officia vel ea repellendus. Maxime id voluptatem doloremque nesciunt ea eius. Fugit enim et voluptatum quaerat rerum.', 130, 5, 5, '2024-05-13 17:20:31', '2024-05-13 17:20:31'),
(22, 'et', 'Iure aliquid animi quas quae mollitia. Unde amet in et in deleniti quidem qui. Sed aut quia ipsa quam nemo excepturi.', 643, 5, 8, '2024-05-13 17:20:31', '2024-05-13 17:20:31'),
(23, 'officia', 'Magnam occaecati iste quia repellendus hic est. Exercitationem sit est adipisci repudiandae recusandae perspiciatis modi. Corporis et repellendus hic ea eius rerum quae. Occaecati voluptates et et voluptatem at est.', 968, 7, 26, '2024-05-13 17:20:31', '2024-05-13 17:20:31'),
(24, 'non', 'Autem eos accusantium qui vitae et hic. Est iusto enim nihil quia vitae at mollitia. Eaque qui ipsam quas et laudantium earum explicabo. Autem et excepturi in et.', 514, 8, 27, '2024-05-13 17:20:31', '2024-05-13 17:20:31'),
(25, 'corrupti', 'Error quis qui voluptatibus aperiam. Reiciendis sed et cupiditate aut sint voluptas. Eos corporis quas incidunt qui praesentium fugiat enim. Qui perferendis qui molestias distinctio dolores velit.', 716, 5, 22, '2024-05-13 17:20:31', '2024-05-13 17:20:31'),
(26, 'tenetur', 'Sunt beatae aliquam at officiis dicta. Enim eius et eum et. Sunt ex tempore voluptatem illo animi quo.', 112, 7, 26, '2024-05-13 17:20:31', '2024-05-13 17:20:31'),
(27, 'voluptatem', 'Sed in est sit cumque et odit. Numquam tempora voluptatem esse quas molestiae ex voluptatem. Ut facilis ut distinctio explicabo.', 965, 2, 26, '2024-05-13 17:20:31', '2024-05-13 17:20:31'),
(28, 'qui', 'Consectetur rerum recusandae sint debitis praesentium eos soluta. Dolore quaerat laboriosam cumque debitis et. Beatae dolorem minus mollitia repellendus et aut ab ratione. Quod blanditiis animi rerum quia vitae.', 558, 5, 4, '2024-05-13 17:20:31', '2024-05-13 17:20:31'),
(29, 'accusamus', 'Ad sint aliquid nihil. Praesentium consequuntur dolores delectus et similique doloribus quia minima. Amet quo assumenda repellendus eaque autem iure a.', 792, 2, 29, '2024-05-13 17:20:31', '2024-05-13 17:20:31'),
(30, 'tempora', 'Dolore eaque temporibus voluptatem quaerat non tempore eius. Velit deleniti repellat voluptas sed quo. Nihil ipsa et et corrupti enim qui laudantium.', 468, 2, 27, '2024-05-13 17:20:31', '2024-05-13 17:20:31'),
(31, 'consequatur', 'Doloribus sit fuga ab consequatur alias. Quae qui accusantium qui nisi possimus delectus recusandae.', 740, 2, 18, '2024-05-13 17:20:31', '2024-05-13 17:20:31'),
(32, 'nisi', 'Molestias sit sequi nobis inventore. Perferendis quo inventore sit alias aperiam. Sed incidunt provident necessitatibus non. Numquam harum quos quo maxime.', 188, 7, 14, '2024-05-13 17:20:31', '2024-05-13 17:20:31'),
(33, 'ut', 'Blanditiis qui saepe velit ea necessitatibus repellat. Rerum odio quos quaerat quisquam. Et molestiae nihil vel laudantium harum. Similique neque voluptatem ipsa.', 443, 4, 23, '2024-05-13 17:20:31', '2024-05-13 17:20:31'),
(34, 'fuga', 'Vitae ipsum voluptatem adipisci tempora. Aut ex ipsam ab qui autem quae id nihil. Accusantium molestias aut assumenda enim ea.', 521, 8, 21, '2024-05-13 17:20:31', '2024-05-13 17:20:31'),
(35, 'cupiditate', 'Ut officiis itaque voluptatem recusandae. Blanditiis explicabo corporis dolores dolorem quo saepe reprehenderit. Distinctio quibusdam ipsa impedit non dolores ad voluptatem. Ut dolorum libero ab ipsa.', 994, 0, 22, '2024-05-13 17:20:31', '2024-05-13 17:20:31'),
(36, 'perspiciatis', 'Aliquid cupiditate laudantium dolores cumque sunt. Vero quidem nobis dolor sit accusantium. Vitae ab dolores dolor ex sint quia sunt.', 437, 7, 22, '2024-05-13 17:20:31', '2024-05-13 17:20:31'),
(37, 'in', 'Sit quos labore nam quibusdam quia. Expedita ut sit distinctio corporis. Placeat atque eaque temporibus possimus laboriosam. Repellendus repudiandae porro nisi sed. Quo quo voluptatem earum omnis.', 684, 8, 13, '2024-05-13 17:20:31', '2024-05-13 17:20:31'),
(38, 'repudiandae', 'Saepe voluptatibus magnam eos ipsum. In minus itaque harum ipsam impedit aspernatur quis. Necessitatibus qui soluta atque quis molestias laudantium. Autem suscipit fugiat qui ducimus quia omnis.', 917, 0, 3, '2024-05-13 17:20:31', '2024-05-13 17:20:31'),
(39, 'amet', 'Molestias porro pariatur et sapiente maiores deleniti quas. Cumque harum quas numquam occaecati. Alias sed id aspernatur modi inventore mollitia aut. Labore sint similique qui quia et.', 130, 6, 25, '2024-05-13 17:20:31', '2024-05-13 17:20:31'),
(40, 'ea', 'Explicabo non hic sit et enim. Quos nulla maxime beatae exercitationem voluptas laboriosam. Recusandae aperiam non odio officia.', 304, 2, 20, '2024-05-13 17:20:31', '2024-05-13 17:20:31'),
(41, 'id', 'Et eaque numquam laboriosam asperiores beatae dolorem ut aut. Voluptas laudantium labore ullam deleniti. Voluptatum quod consequuntur odit quibusdam et. Corrupti atque suscipit aperiam sint.', 426, 6, 22, '2024-05-13 17:20:31', '2024-05-13 17:20:31'),
(42, 'ut', 'Recusandae excepturi deserunt nihil et expedita id labore tempore. Asperiores eveniet nam autem consequatur voluptates necessitatibus. Repellat sunt voluptatem eum modi.', 489, 9, 16, '2024-05-13 17:20:31', '2024-05-13 17:20:31'),
(43, 'qui', 'Quis qui deserunt at totam mollitia error. Blanditiis quidem quidem doloremque autem enim autem.', 625, 3, 26, '2024-05-13 17:20:31', '2024-05-13 17:20:31'),
(44, 'repudiandae', 'Impedit aut occaecati sint voluptatem consequuntur et saepe explicabo. Culpa dignissimos quia et eligendi consequatur soluta. Sed maxime quo dolores cumque beatae ut dolorem. Neque laudantium amet maiores sit et illum ad.', 822, 9, 24, '2024-05-13 17:20:31', '2024-05-13 17:20:31'),
(45, 'sequi', 'Autem similique ut error eligendi. Nam nisi qui ipsa. Dolor ipsam nobis praesentium sint. Aliquam odit quo vero ut rerum provident aut.', 241, 1, 16, '2024-05-13 17:20:31', '2024-05-13 17:20:31'),
(46, 'voluptatibus', 'Reiciendis ex qui eos et quidem quaerat molestiae qui. Voluptas maiores quibusdam quia ipsum dolor omnis. Velit hic ipsam rerum dolor. Praesentium totam nulla magnam incidunt harum dolor quis necessitatibus.', 667, 7, 9, '2024-05-13 17:20:31', '2024-05-13 17:20:31'),
(47, 'consequatur', 'Nam harum rem debitis pariatur. Facilis eveniet impedit voluptatem cumque officiis qui impedit eum. Cumque dignissimos quod molestias quis error. Molestiae excepturi rem minus excepturi nihil et molestias nisi.', 945, 4, 11, '2024-05-13 17:20:31', '2024-05-13 17:20:31'),
(48, 'hic', 'Sapiente recusandae sit suscipit. Quibusdam et occaecati quaerat alias tempore exercitationem. Occaecati vitae eaque corporis dolores voluptas quibusdam illo. Minima aut quia voluptas tenetur consectetur corrupti voluptas.', 491, 4, 27, '2024-05-13 17:20:31', '2024-05-13 17:20:31'),
(49, 'magnam', 'Animi odio qui reprehenderit repudiandae. Rerum porro ducimus ipsum illum provident. Provident officiis praesentium eaque dolor. Ratione ut earum dolorem est.', 297, 5, 7, '2024-05-13 17:20:31', '2024-05-13 17:20:31'),
(50, 'vel', 'Dignissimos consequatur et rem voluptatem dolor. Similique similique tempore exercitationem. Non exercitationem voluptates doloribus quae officia.', 214, 7, 17, '2024-05-13 17:20:31', '2024-05-13 17:20:31');

-- --------------------------------------------------------

--
-- Estructura de tabla para la tabla `reviews`
--

CREATE TABLE `reviews` (
  `id` bigint(20) UNSIGNED NOT NULL,
  `product_id` int(10) UNSIGNED NOT NULL,
  `customer` varchar(255) COLLATE utf8mb4_unicode_ci NOT NULL,
  `review` text COLLATE utf8mb4_unicode_ci NOT NULL,
  `star` int(11) NOT NULL,
  `created_at` timestamp NULL DEFAULT NULL,
  `updated_at` timestamp NULL DEFAULT NULL
) ENGINE=InnoDB DEFAULT CHARSET=utf8mb4 COLLATE=utf8mb4_unicode_ci;

--
-- Volcado de datos para la tabla `reviews`
--

INSERT INTO `reviews` (`id`, `product_id`, `customer`, `review`, `star`, `created_at`, `updated_at`) VALUES
(1, 15, 'Carter O\'Connell', 'Cum dolores omnis ex ut corrupti dolorem quae. Suscipit ullam sunt voluptates cum aut. Eveniet neque est quisquam autem odit. Ducimus est qui hic fugiat corrupti aut voluptatum.', 2, '2024-05-13 17:20:31', '2024-05-13 17:20:31'),
(2, 10, 'Stephania Steuber', 'Veritatis nihil ut quia nihil tempora. Omnis impedit odio placeat dicta sequi. Velit iure quia enim ratione quidem dolor voluptatum. Sint voluptatibus molestias a aliquam dolores est.', 5, '2024-05-13 17:20:31', '2024-05-13 17:20:31'),
(3, 2, 'Shania Murphy', 'Et non reprehenderit perspiciatis consequatur blanditiis culpa eos. Necessitatibus voluptatum est necessitatibus velit quibusdam quo accusamus consequuntur. Ratione sequi velit totam eaque. Ut molestias qui error quasi consequuntur.', 1, '2024-05-13 17:20:31', '2024-05-13 17:20:31'),
(4, 20, 'Natalie Borer', 'Corporis ducimus inventore omnis voluptas modi voluptatem. Magnam repellendus facilis sequi id quibusdam quis. Adipisci enim qui voluptas error unde ullam. Modi magnam ut tenetur possimus.', 2, '2024-05-13 17:20:31', '2024-05-13 17:20:31'),
(5, 29, 'Mitchel Klocko II', 'Minus quos sequi corrupti consequuntur et qui reiciendis non. Atque quia omnis officia velit facere. Impedit odio occaecati eius nihil sint ipsum qui voluptate.', 3, '2024-05-13 17:20:31', '2024-05-13 17:20:31'),
(6, 11, 'Dock Rutherford', 'Ipsum vero nihil laudantium alias voluptate in iste. Voluptas et est ut fugit nam. Itaque doloremque aut ut et pariatur dignissimos repudiandae.', 1, '2024-05-13 17:20:31', '2024-05-13 17:20:31'),
(7, 17, 'Rowan Steuber', 'Odit et non quam dignissimos recusandae rerum. Ab recusandae nisi culpa.', 3, '2024-05-13 17:20:31', '2024-05-13 17:20:31'),
(8, 25, 'Lillie Klein', 'Voluptas perspiciatis dolorem est alias. Adipisci non consequatur earum ut. Qui deleniti aperiam velit animi aperiam.', 1, '2024-05-13 17:20:31', '2024-05-13 17:20:31'),
(9, 22, 'Ricky Langworth', 'Quis veritatis voluptate et excepturi. Voluptatibus amet sapiente aspernatur accusantium. Impedit aliquam vel repellendus vitae earum. Est excepturi magni eligendi et repellendus.', 2, '2024-05-13 17:20:31', '2024-05-13 17:20:31'),
(10, 28, 'Miss Rosina Swaniawski', 'Nihil eos sapiente facere totam hic et distinctio. Autem voluptatibus tempore fugiat et.', 5, '2024-05-13 17:20:31', '2024-05-13 17:20:31'),
(11, 22, 'Mr. Misael Nikolaus', 'Cumque ut omnis occaecati iste. Provident rem dignissimos et minus deleniti et optio facere.', 0, '2024-05-13 17:20:31', '2024-05-13 17:20:31'),
(12, 12, 'Prof. Gerard Dietrich', 'Quo rerum ut ea nihil non natus natus. Labore soluta molestiae non doloremque aut molestias vitae odit. Aliquid quos officiis cumque est officia dolorum nostrum. Ducimus commodi deserunt ipsam dolore laboriosam commodi voluptas.', 3, '2024-05-13 17:20:31', '2024-05-13 17:20:31'),
(13, 24, 'Mr. Tyrique Jacobs', 'Est in voluptatem tempora. Et provident est quae consequatur. Officiis ullam et necessitatibus blanditiis. Quaerat at eos qui cum saepe est animi quas.', 4, '2024-05-13 17:20:31', '2024-05-13 17:20:31'),
(14, 10, 'Kaela Aufderhar II', 'Officia quia dignissimos autem rerum veritatis. Voluptatem atque sit quia. Saepe minus eligendi iste non.', 2, '2024-05-13 17:20:31', '2024-05-13 17:20:31'),
(15, 10, 'Mose Lueilwitz', 'Sit ipsam dolorem nesciunt quia aut fugit accusantium vel. Cum eum et dolorem sint ea. Dolorem dolore et est animi eum ratione. Beatae est blanditiis sunt.', 5, '2024-05-13 17:20:31', '2024-05-13 17:20:31'),
(16, 25, 'Prof. Fritz Ryan V', 'Quia repudiandae architecto qui aperiam dolor molestiae architecto molestiae. Non aut sapiente suscipit nihil odio. Nam ipsa totam quia labore officia.', 3, '2024-05-13 17:20:31', '2024-05-13 17:20:31'),
(17, 47, 'Danial Schneider', 'Esse cumque nesciunt enim consectetur in iste quidem. Eum iste vero consequatur et et ut beatae. Reiciendis et vel consequatur et veritatis laborum. Architecto velit nihil aspernatur voluptatum.', 1, '2024-05-13 17:20:31', '2024-05-13 17:20:31'),
(18, 40, 'Emilie Klocko', 'Sit molestias enim enim cum perferendis velit. Officia cum ipsam vel ea sed omnis. Vel itaque itaque harum sapiente dolores quis dolor. Quod omnis doloremque dolorem et.', 5, '2024-05-13 17:20:31', '2024-05-13 17:20:31'),
(19, 40, 'Joel Aufderhar', 'Eius similique impedit in. Temporibus quia eum aut similique facere amet est eius. Rerum ut at vel molestiae distinctio.', 3, '2024-05-13 17:20:31', '2024-05-13 17:20:31'),
(20, 41, 'Prof. Carolyn Mitchell', 'Et et quam id perferendis. Suscipit voluptatum vel amet nostrum cumque. Voluptatem quisquam facilis qui dolorum et distinctio. Labore modi dolor minima illum reiciendis fugit.', 3, '2024-05-13 17:20:31', '2024-05-13 17:20:31'),
(21, 46, 'Mrs. Shaniya Feeney', 'Quo sint et odio sequi. Ullam qui minima saepe doloribus qui. Incidunt libero eum eius illo deserunt. Officiis harum quia in sed sit porro.', 4, '2024-05-13 17:20:31', '2024-05-13 17:20:31'),
(22, 50, 'Gina Witting', 'Blanditiis incidunt cumque unde autem vel laudantium et numquam. Repellendus excepturi nesciunt magni rerum perferendis eius. Omnis consequuntur debitis nisi ut. Aut aliquam itaque iste qui aut qui distinctio.', 5, '2024-05-13 17:20:31', '2024-05-13 17:20:31'),
(23, 20, 'Graciela Goyette', 'Quasi nobis sint quis repudiandae numquam culpa iusto. Amet ut earum fugit ipsum autem laborum voluptatem alias.', 2, '2024-05-13 17:20:31', '2024-05-13 17:20:31'),
(24, 27, 'Destiny Mayer', 'Omnis voluptas reprehenderit illo dicta atque. Dicta et accusamus aut dolore sunt ut. Accusamus recusandae est temporibus.', 1, '2024-05-13 17:20:31', '2024-05-13 17:20:31'),
(25, 40, 'Beryl Jacobs', 'Enim porro laboriosam asperiores quis et blanditiis amet. Est ullam illum in perspiciatis amet quae. Et atque magnam aut laudantium iste. Ipsam sit voluptas et tempore dolorem ea rerum.', 0, '2024-05-13 17:20:31', '2024-05-13 17:20:31'),
(26, 11, 'Dr. Stanton Beier', 'Molestias minus et explicabo id. Sunt omnis non deleniti autem animi. Nam temporibus eos consequatur placeat.', 2, '2024-05-13 17:20:31', '2024-05-13 17:20:31'),
(27, 19, 'Ms. Emilie Botsford', 'Eum molestiae impedit fugit soluta libero similique. Quia culpa quod error a. Officiis fugiat quae nostrum odit quia dolorem. Aut et aliquam iste doloremque.', 5, '2024-05-13 17:20:31', '2024-05-13 17:20:31'),
(28, 27, 'Alejandrin Ritchie IV', 'Et harum veniam ipsum itaque. Quia et corporis et quia saepe qui in. Similique quod similique accusantium corrupti.', 4, '2024-05-13 17:20:31', '2024-05-13 17:20:31'),
(29, 44, 'Dr. Olen Walsh DVM', 'Cumque quo et dolorem nam ad. Saepe sed est velit qui odit. Eos et voluptatibus odio eligendi. Mollitia praesentium vero rerum suscipit veniam. Vel rerum veritatis sed laudantium.', 4, '2024-05-13 17:20:31', '2024-05-13 17:20:31'),
(30, 10, 'Liam Toy', 'Vero aut ea numquam placeat est sed vel. Voluptatem unde aut corporis accusantium quia veniam. Necessitatibus ut maxime culpa architecto enim eveniet. Numquam adipisci ea natus aut velit dignissimos explicabo quis. Saepe voluptatem sint asperiores dolore.', 1, '2024-05-13 17:20:31', '2024-05-13 17:20:31'),
(31, 25, 'Dr. Isadore Bartell MD', 'Nesciunt aut et rerum sapiente. Iure minus maxime beatae unde consequatur asperiores consectetur. Non at sunt deleniti esse voluptates laboriosam expedita. Dolorem beatae voluptatibus voluptas excepturi nam.', 4, '2024-05-13 17:20:31', '2024-05-13 17:20:31'),
(32, 21, 'Ms. Amara Rowe', 'Voluptate molestiae recusandae maiores sit provident rem. Eum odio quaerat consequatur. Quam voluptatum culpa non saepe natus est.', 4, '2024-05-13 17:20:31', '2024-05-13 17:20:31'),
(33, 37, 'Sandy Harber', 'Molestiae ut ullam quaerat qui architecto. Eaque et repellendus recusandae non. Eaque illo nihil occaecati expedita officia enim. Nostrum repellendus nostrum sunt soluta.', 0, '2024-05-13 17:20:31', '2024-05-13 17:20:31'),
(34, 4, 'Martine Purdy DDS', 'Ex pariatur possimus voluptas eaque sit repudiandae maxime illum. Neque aut dolores cupiditate. Odit neque fugiat quia molestiae eius harum impedit. Perferendis vitae enim esse quibusdam adipisci est.', 2, '2024-05-13 17:20:31', '2024-05-13 17:20:31'),
(35, 12, 'Dr. Arnold Thiel IV', 'Aut dolor asperiores alias incidunt dolorem. Iusto repellat recusandae eveniet nostrum nulla omnis rerum. Aliquam nemo et quo amet et aut. Sapiente repellat ea porro quia eum.', 3, '2024-05-13 17:20:31', '2024-05-13 17:20:31'),
(36, 9, 'Remington McClure', 'Et magni amet veritatis in commodi non dicta. Sed non reiciendis sed pariatur. Sunt ut impedit eveniet et fugiat aliquid.', 3, '2024-05-13 17:20:31', '2024-05-13 17:20:31'),
(37, 27, 'Brook Spinka', 'Et impedit voluptas alias eos. Omnis aut et ut. Ut a atque ut autem odio est magnam.', 5, '2024-05-13 17:20:31', '2024-05-13 17:20:31'),
(38, 27, 'Bell Fahey', 'Ut adipisci est ut dolorem possimus. Quisquam vero omnis ratione et. Autem itaque cupiditate quo corrupti neque id tenetur.', 4, '2024-05-13 17:20:31', '2024-05-13 17:20:31'),
(39, 34, 'Amanda Klein', 'Fugit aut qui et fugit. Alias quisquam veniam error error libero ut. Ut corrupti consequuntur et ut sit odio laborum.', 3, '2024-05-13 17:20:31', '2024-05-13 17:20:31'),
(40, 26, 'Regan Goodwin', 'Et totam consequuntur et facilis. Quia et excepturi accusantium iusto ratione. Pariatur rem autem cupiditate porro labore architecto. Doloribus ea error deleniti rerum consectetur.', 0, '2024-05-13 17:20:31', '2024-05-13 17:20:31'),
(41, 4, 'Maurine Lind', 'Aut ut itaque eius nesciunt esse nostrum ipsum eum. Illo pariatur amet reiciendis possimus eius eaque illum. Laudantium necessitatibus dolores repellendus possimus corporis nam. Maiores voluptatum atque dolorum itaque rerum odit.', 4, '2024-05-13 17:20:31', '2024-05-13 17:20:31'),
(42, 24, 'Miss Maye Kuhlman Jr.', 'Ipsa adipisci modi corporis. Animi quibusdam vitae aut veniam.', 5, '2024-05-13 17:20:31', '2024-05-13 17:20:31'),
(43, 9, 'Mr. Rupert Nitzsche II', 'Qui asperiores inventore a suscipit nisi. Quia voluptatem incidunt dolorem nihil velit aut unde. Et ratione tenetur dolorem nemo labore qui velit.', 5, '2024-05-13 17:20:31', '2024-05-13 17:20:31'),
(44, 29, 'Prof. Geovanni Kuhlman', 'Et iste commodi quis tempore. Asperiores consequatur rem eum inventore. Ullam recusandae minus aut ratione.', 1, '2024-05-13 17:20:31', '2024-05-13 17:20:31'),
(45, 27, 'Sofia Funk', 'Quia distinctio aut sed sed. Amet nisi dolores et excepturi provident aut ut. Nemo qui ut architecto ut qui est laudantium.', 1, '2024-05-13 17:20:31', '2024-05-13 17:20:31'),
(46, 3, 'Jensen Roberts DVM', 'Est fugit similique quis suscipit ducimus voluptas reiciendis harum. Nemo ea explicabo nostrum hic non. Quas nam molestiae fugit laboriosam esse. Eum est distinctio nesciunt.', 0, '2024-05-13 17:20:31', '2024-05-13 17:20:31'),
(47, 46, 'Delilah Kassulke', 'Non aut aliquam fugit in laudantium excepturi. Non sed quidem saepe dolores omnis quia ipsa. Est voluptatem dolores voluptatem qui distinctio maiores eligendi. Dolore pariatur fugit neque dolores rerum molestias dolor.', 3, '2024-05-13 17:20:31', '2024-05-13 17:20:31'),
(48, 28, 'Aurore Lakin', 'Qui quia voluptatem necessitatibus quibusdam sit. Ullam eaque rerum nostrum iste. Assumenda rerum sed cupiditate maxime. Tempora doloremque quasi ipsum est aliquam. Praesentium voluptatem perspiciatis accusantium qui ipsa velit.', 1, '2024-05-13 17:20:31', '2024-05-13 17:20:31'),
(49, 19, 'Charlotte Wilkinson', 'Expedita expedita qui minus dignissimos qui maiores. Veritatis eos inventore harum aut repudiandae velit dignissimos. Id consequatur sed quibusdam ea saepe veritatis tenetur.', 2, '2024-05-13 17:20:31', '2024-05-13 17:20:31'),
(50, 46, 'Jody VonRueden', 'Aliquam quibusdam cum in enim velit voluptatem laudantium. Repellendus est adipisci nihil culpa. Veniam quo voluptatem voluptas quae. Iste odio corrupti debitis. Alias est voluptatum optio eligendi et fugit quam iusto.', 1, '2024-05-13 17:20:31', '2024-05-13 17:20:31'),
(51, 19, 'Lysanne Lindgren', 'Laboriosam qui ipsa molestiae. Unde consequatur commodi et vitae. Doloribus ut facilis necessitatibus occaecati eos a. Dolore cum quasi hic sequi enim voluptates.', 0, '2024-05-13 17:20:31', '2024-05-13 17:20:31'),
(52, 44, 'Bernice Turner', 'A aperiam ad et sapiente ab sint consequatur. Ut cumque tempore laudantium. Qui numquam magnam sed. Ab fugit repellendus voluptatem est.', 0, '2024-05-13 17:20:31', '2024-05-13 17:20:31'),
(53, 37, 'Milton Rosenbaum', 'Voluptate vero aperiam temporibus quia minima illum. Voluptatem ex corrupti sunt. Nesciunt commodi qui et sequi ut consectetur aut.', 3, '2024-05-13 17:20:31', '2024-05-13 17:20:31'),
(54, 21, 'Columbus Orn DDS', 'Dolor distinctio nostrum est ab est omnis qui. Delectus est accusamus et doloribus.', 0, '2024-05-13 17:20:31', '2024-05-13 17:20:31'),
(55, 14, 'Garret Rogahn PhD', 'Harum unde maiores totam ut. Veniam ipsam omnis architecto labore. Non ad blanditiis maxime.', 0, '2024-05-13 17:20:31', '2024-05-13 17:20:31'),
(56, 9, 'Ms. Lola Gulgowski Jr.', 'Et temporibus molestiae numquam et laudantium. Quis qui velit reiciendis rem ut hic. Reprehenderit qui consequuntur voluptatem cumque.', 0, '2024-05-13 17:20:31', '2024-05-13 17:20:31'),
(57, 25, 'Mrs. Janae Mosciski DDS', 'Ad dolore qui natus quos perspiciatis. Voluptatibus sequi autem et tenetur.', 3, '2024-05-13 17:20:31', '2024-05-13 17:20:31'),
(58, 45, 'Chesley Walker', 'Delectus laboriosam iusto et in quisquam est laborum. In est aliquid facere at sint. Unde sit sit laborum pariatur earum iste est. Modi temporibus dignissimos veritatis nostrum.', 4, '2024-05-13 17:20:31', '2024-05-13 17:20:31'),
(59, 23, 'Isadore Stiedemann', 'Fuga qui corporis ab excepturi. Aut ad atque id cupiditate et sint quod non. Ab in cupiditate dolores omnis natus alias mollitia. Veniam eum ut ex suscipit explicabo dolorem error. Facilis ipsam a non at autem cum voluptatibus.', 0, '2024-05-13 17:20:31', '2024-05-13 17:20:31'),
(60, 33, 'Jesse Crist', 'Quia possimus quo sit perferendis. Est porro voluptatem quam ipsa. Nisi qui et ullam voluptatem. Excepturi eaque dolorem perferendis molestiae ipsam aut voluptas nisi.', 5, '2024-05-13 17:20:31', '2024-05-13 17:20:31'),
(61, 11, 'Buck Flatley', 'Tempore sint quia at quibusdam laborum libero delectus. Et quia veritatis accusamus quibusdam similique. Cupiditate ad enim ut ea.', 0, '2024-05-13 17:20:31', '2024-05-13 17:20:31'),
(62, 1, 'Julianne Dooley', 'Aspernatur est illo pariatur. Aut est ut optio omnis. Earum fugit sit magni sunt dignissimos. Labore voluptatem eaque iste velit ut neque.', 0, '2024-05-13 17:20:31', '2024-05-13 17:20:31'),
(63, 2, 'Kurtis Lueilwitz', 'Quod aut ut quia officia. Vitae est quos itaque sit odit id. Nostrum asperiores unde similique quod distinctio aut.', 2, '2024-05-13 17:20:31', '2024-05-13 17:20:31'),
(64, 22, 'Lonie Larkin', 'Voluptatem esse fugiat sed et. Numquam rerum tempora ut harum quis. Eos inventore ullam molestiae consectetur mollitia.', 0, '2024-05-13 17:20:31', '2024-05-13 17:20:31'),
(65, 20, 'Adah Donnelly', 'Quis impedit odit repellat officiis ea. Itaque eaque nesciunt rerum voluptatem amet nostrum. Unde qui consequatur architecto omnis.', 3, '2024-05-13 17:20:31', '2024-05-13 17:20:31'),
(66, 36, 'Casper Erdman', 'Est maiores accusantium qui voluptatem perferendis quia. Temporibus qui eum excepturi. Aut enim praesentium fugiat corporis.', 5, '2024-05-13 17:20:31', '2024-05-13 17:20:31'),
(67, 1, 'Sidney Gottlieb DDS', 'Eum sunt dolorem ut quas. Impedit est corporis ut architecto debitis qui quas. Atque quidem non eligendi voluptatem illum omnis. Qui ullam dolores vel nobis fuga.', 2, '2024-05-13 17:20:31', '2024-05-13 17:20:31'),
(68, 39, 'Ms. Madie Wiza MD', 'Quisquam est doloremque adipisci quaerat fuga quia ex velit. Veniam enim est repellendus.', 4, '2024-05-13 17:20:31', '2024-05-13 17:20:31'),
(69, 43, 'Miss Savanna Eichmann Sr.', 'Mollitia dolorum exercitationem id dolorum officiis voluptatum molestiae. Sunt sapiente cum quia non minima. Aut doloremque alias quam. Consequatur voluptas sint sit quis eum est.', 5, '2024-05-13 17:20:31', '2024-05-13 17:20:31'),
(70, 2, 'Freddy Harris', 'Non ullam atque repellat non autem aliquam hic. Aliquam debitis facilis consequuntur rerum facilis eos iste. Qui aut aliquam a pariatur corrupti magnam vel et. Earum eveniet reprehenderit optio assumenda magnam velit.', 0, '2024-05-13 17:20:31', '2024-05-13 17:20:31'),
(71, 45, 'Hester Armstrong', 'A omnis magnam sint repellat quisquam. Beatae recusandae molestiae cupiditate est voluptatum rerum. Voluptate iste molestiae aut et fugit labore in.', 2, '2024-05-13 17:20:31', '2024-05-13 17:20:31'),
(72, 37, 'Nolan Wyman', 'Enim tempore expedita quidem ratione est quia distinctio. Facilis quasi omnis aliquam sint. Laborum dolorem enim modi ea explicabo nemo.', 2, '2024-05-13 17:20:31', '2024-05-13 17:20:31'),
(73, 16, 'Prof. Pauline Weber II', 'Ex voluptatem tenetur sit. Doloremque error et reiciendis nulla. Accusantium sapiente sit nobis dolores explicabo excepturi. Mollitia nisi corporis architecto facilis laudantium cumque ipsa.', 4, '2024-05-13 17:20:31', '2024-05-13 17:20:31'),
(74, 7, 'Alf Hoppe', 'Earum cumque dolorum non delectus magnam est a. Magni laboriosam sit aut facere quod. Optio odio iure sit quas.', 1, '2024-05-13 17:20:31', '2024-05-13 17:20:31'),
(75, 1, 'Libby Friesen', 'Eius ipsam quia sed totam. Est porro magni natus atque in ut. Voluptatem consequatur nobis facere consequatur facere similique.', 4, '2024-05-13 17:20:31', '2024-05-13 17:20:31'),
(76, 40, 'Ali Gleichner', 'Vel est voluptates libero dignissimos autem praesentium et. Ut voluptas explicabo ut ut est magni. Illum enim qui rerum quis illum quasi quae qui. Enim molestiae sit dolorum explicabo.', 1, '2024-05-13 17:20:31', '2024-05-13 17:20:31'),
(77, 10, 'Ashly Cremin', 'Aut sequi debitis animi et distinctio commodi. Consectetur dolor autem deleniti eaque. Id cupiditate rem dolor architecto ipsum. Porro quia ratione aperiam optio explicabo ut est et.', 4, '2024-05-13 17:20:31', '2024-05-13 17:20:31'),
(78, 43, 'Leann Hill', 'Aperiam et reprehenderit voluptatum in qui. Magni reiciendis temporibus labore impedit corporis delectus maxime. Dolorem accusantium qui eos commodi omnis id. Voluptates est qui impedit et nostrum aspernatur repudiandae.', 0, '2024-05-13 17:20:31', '2024-05-13 17:20:31'),
(79, 16, 'Forrest Kshlerin', 'Magni omnis cupiditate consectetur ea. Ab quo nihil magni ea. Nihil exercitationem eligendi ratione velit alias.', 0, '2024-05-13 17:20:31', '2024-05-13 17:20:31'),
(80, 34, 'Glenna Schaefer Sr.', 'Quo officia fugit ea facere provident velit. Adipisci eos dolores suscipit aut cum non dolorum autem. Qui asperiores rerum id molestiae officiis.', 3, '2024-05-13 17:20:31', '2024-05-13 17:20:31'),
(81, 6, 'Nelson Reichel', 'Quo id quae sint iusto. Expedita aspernatur perferendis quo suscipit ipsum assumenda. Ullam et vitae eos est voluptatum dolore ad.', 5, '2024-05-13 17:20:31', '2024-05-13 17:20:31'),
(82, 43, 'Edwin Schiller', 'Amet suscipit ea suscipit quia doloribus et fugiat aut. Voluptatem sint et eligendi temporibus qui nihil dicta quod. Facilis iusto tempore voluptatem perspiciatis aut quis. Ipsam perspiciatis nulla eveniet tempore consequatur deserunt. Repudiandae similique modi sit laboriosam libero laudantium dolorem.', 4, '2024-05-13 17:20:31', '2024-05-13 17:20:31'),
(83, 26, 'Kenton Kulas', 'Dolorem quasi eaque neque velit sunt quisquam et. Eius reiciendis eum minima magni ea. Totam numquam praesentium assumenda et. Aliquam est labore dolore at.', 0, '2024-05-13 17:20:31', '2024-05-13 17:20:31'),
(84, 23, 'Prof. Hortense Ward', 'Dolor deserunt aut beatae quasi aut quis sunt. Ea accusantium qui perspiciatis aut aperiam cum sint. Molestiae et blanditiis inventore nam reiciendis. Rerum repellat qui consequatur vel reiciendis illum.', 2, '2024-05-13 17:20:31', '2024-05-13 17:20:31'),
(85, 45, 'Kiel McDermott III', 'Commodi cupiditate sunt voluptate libero nam quam. Consequuntur optio provident amet recusandae. Ipsam error consequatur nesciunt consectetur aut corporis magni. Autem tenetur animi commodi eum voluptas.', 2, '2024-05-13 17:20:31', '2024-05-13 17:20:31'),
(86, 43, 'Adriel McGlynn PhD', 'Aut eligendi voluptas minima. Eius non deleniti eaque eveniet quam id. Quas quo sunt sequi possimus eaque.', 0, '2024-05-13 17:20:31', '2024-05-13 17:20:31'),
(87, 28, 'Alexa O\'Kon', 'Maxime cumque aut sit ut voluptas quae itaque qui. Eos neque ipsam vero dolorum similique odio. Officia est iste est doloribus quibusdam ab. Rem eum qui ut molestiae saepe repellendus omnis. Voluptas aspernatur id rerum id deleniti.', 5, '2024-05-13 17:20:31', '2024-05-13 17:20:31'),
(88, 13, 'Aracely Funk', 'Quis pariatur et magni optio. Sunt error perspiciatis fuga architecto dicta quia voluptas totam. Et qui explicabo et totam ut blanditiis est. Odio neque nihil rerum id esse.', 4, '2024-05-13 17:20:31', '2024-05-13 17:20:31'),
(89, 37, 'Wilhelm Bernhard', 'Molestiae eaque optio at magni distinctio enim et. Sequi similique impedit vero delectus. Aliquid modi laboriosam aut ut sint ipsam tenetur. Aliquam possimus officia nobis nisi quis soluta sint non.', 1, '2024-05-13 17:20:31', '2024-05-13 17:20:31'),
(90, 22, 'Mr. Randy Kertzmann', 'Cupiditate ipsam omnis dolores quia. Consequuntur odit voluptas quia dicta explicabo molestias delectus. Quae quia reprehenderit similique blanditiis ipsa nihil aut quis. Minus ipsum molestiae sapiente qui.', 5, '2024-05-13 17:20:31', '2024-05-13 17:20:31'),
(91, 1, 'Brenda Price', 'Odit provident blanditiis accusamus pariatur. Expedita eius rerum occaecati ut voluptates repellendus. Explicabo optio aut accusamus iusto delectus quibusdam dolorum.', 0, '2024-05-13 17:20:31', '2024-05-13 17:20:31'),
(92, 8, 'Savion Steuber', 'Possimus quia iure et quo minus delectus. Ea vel officia sit dicta quibusdam est rerum. Recusandae reiciendis blanditiis consequatur fugit distinctio corporis. Ea ullam voluptas ullam culpa accusantium voluptatem.', 1, '2024-05-13 17:20:31', '2024-05-13 17:20:31'),
(93, 11, 'Cleora Walter', 'Labore eos eligendi reiciendis beatae. Tenetur culpa illo sint ut praesentium. Nam ab consectetur dicta sit et repellendus magni molestiae. Alias similique possimus impedit saepe minus. Vel atque dolor quia adipisci odit reiciendis id.', 3, '2024-05-13 17:20:31', '2024-05-13 17:20:31'),
(94, 36, 'Mr. Antwan Heller', 'Necessitatibus quos sequi quos earum est ut. Facilis sed dolores accusantium. Dolor et voluptates voluptate eveniet ipsam dolore. Nihil sint repellendus assumenda earum non debitis in.', 0, '2024-05-13 17:20:31', '2024-05-13 17:20:31'),
(95, 6, 'Dixie DuBuque MD', 'Dolores officiis facilis ut sed debitis est. Debitis occaecati non possimus eos esse. Rerum labore fuga iusto dolorem saepe aut. Eum et impedit at non odio est qui.', 5, '2024-05-13 17:20:31', '2024-05-13 17:20:31'),
(96, 6, 'Ms. Edna Tromp', 'Eveniet commodi nostrum ipsum officiis voluptatibus dolores. Explicabo nemo aut qui perspiciatis et repellat esse omnis. Repudiandae quibusdam rerum autem enim accusamus mollitia et. Aut cumque quisquam dolor est.', 1, '2024-05-13 17:20:31', '2024-05-13 17:20:31'),
(97, 9, 'Ms. Bettye White', 'Alias perspiciatis explicabo veritatis qui. Ea recusandae dicta in quo ut porro. Voluptas quibusdam totam occaecati enim. Eius omnis ab provident quis ipsum ipsum.', 0, '2024-05-13 17:20:31', '2024-05-13 17:20:31'),
(98, 50, 'Dr. Dell Bayer', 'Quas necessitatibus assumenda delectus ducimus aperiam et asperiores. Blanditiis aliquid animi nihil odio suscipit ut veniam. Veritatis dolor nam non rerum sit.', 3, '2024-05-13 17:20:31', '2024-05-13 17:20:31'),
(99, 35, 'Bud Cruickshank', 'Atque neque quis tempore nihil. Illum iure velit voluptatem non eum doloribus. Sit aliquam non est qui fuga at.', 5, '2024-05-13 17:20:31', '2024-05-13 17:20:31'),
(100, 20, 'Abby Kunde', 'Aut mollitia natus libero ut provident repudiandae aut eius. Neque id perspiciatis vel quod doloribus sit commodi. Ea et facilis repellendus vel dolorum.', 1, '2024-05-13 17:20:31', '2024-05-13 17:20:31'),
(101, 29, 'Enos Kozey', 'Qui repellendus iste illum exercitationem laudantium nulla similique. Quia unde aspernatur omnis ipsum deserunt et labore. Aut ratione minima omnis aut vel. Inventore eum molestiae aspernatur est sed dolor.', 5, '2024-05-13 17:20:31', '2024-05-13 17:20:31'),
(102, 11, 'Miss Lenora Leuschke III', 'Quisquam nam error voluptatum recusandae. Et perferendis ratione vel. A enim voluptatibus et consequatur est sint velit.', 2, '2024-05-13 17:20:31', '2024-05-13 17:20:31'),
(103, 40, 'Miss Libby Kling V', 'Consectetur ducimus voluptate omnis dolore rem quia doloremque. Cumque qui quia vel voluptatem quisquam ut. Voluptatem ut porro tempora delectus.', 0, '2024-05-13 17:20:31', '2024-05-13 17:20:31'),
(104, 8, 'Cletus Mante', 'Excepturi dolores saepe impedit deleniti id. Qui est cumque aliquid. Dolorem est nisi temporibus at eos nemo architecto. Laboriosam consequatur laborum corporis quia veniam adipisci ut porro.', 2, '2024-05-13 17:20:31', '2024-05-13 17:20:31'),
(105, 47, 'Niko Schuppe', 'Culpa vel vero quidem omnis eligendi fuga enim. Incidunt error blanditiis consectetur suscipit. Facere qui quis nihil id. Repudiandae dolorem labore omnis distinctio officiis tenetur.', 3, '2024-05-13 17:20:31', '2024-05-13 17:20:31'),
(106, 33, 'Beaulah Muller', 'Ut tempore doloribus nostrum qui dolore. Facilis fugit neque minus suscipit vitae harum voluptatem. Omnis eum minus dolorem accusamus adipisci nobis.', 0, '2024-05-13 17:20:31', '2024-05-13 17:20:31'),
(107, 38, 'Lila Bailey PhD', 'Nulla blanditiis repellendus est nobis. Qui est nihil tempore qui laudantium similique. Nihil qui et in ducimus tempore.', 2, '2024-05-13 17:20:31', '2024-05-13 17:20:31'),
(108, 46, 'Dorris Brown', 'Excepturi omnis amet tenetur numquam magni. Fugit dolorem nam consequatur adipisci quaerat veniam itaque. Maiores aut eum fugit architecto eos eaque odit doloribus. Quia saepe ducimus itaque reprehenderit nisi omnis.', 0, '2024-05-13 17:20:31', '2024-05-13 17:20:31'),
(109, 32, 'Name Dach', 'Et sequi nesciunt nihil. Officiis quasi reprehenderit et dignissimos tenetur eos voluptate. Vero quia similique enim a fugit perferendis id.', 3, '2024-05-13 17:20:31', '2024-05-13 17:20:31'),
(110, 10, 'Leola Raynor', 'Harum veniam nostrum labore repellat atque. Voluptatem ullam id quo quas recusandae nisi illum. Dolore similique dolor omnis ut dolor.', 3, '2024-05-13 17:20:31', '2024-05-13 17:20:31'),
(111, 44, 'Miss Pasquale Lesch V', 'Vel eum magnam perspiciatis consequatur. Modi id qui doloribus eos minima excepturi maxime. Et quibusdam quia non molestiae commodi fugit rerum eveniet. Fugiat est est nulla rem odit voluptas.', 1, '2024-05-13 17:20:31', '2024-05-13 17:20:31'),
(112, 48, 'Kyla Lynch', 'Quo error modi itaque ut ab doloremque. Ea provident ratione eaque aspernatur. Corrupti perferendis labore unde corrupti quam tempore. Maiores voluptatibus rerum quos et architecto enim fugiat.', 1, '2024-05-13 17:20:31', '2024-05-13 17:20:31'),
(113, 25, 'Anita Hammes', 'Eligendi animi officiis rerum quae. Ut illum vel tempore nobis asperiores. Ut delectus rem quos impedit vitae. Tempore minus quas ad placeat.', 1, '2024-05-13 17:20:31', '2024-05-13 17:20:31'),
(114, 12, 'Dr. Bethel Schaefer Jr.', 'Repellendus officia aliquid vel id dolores dolor. Ducimus nihil quo alias quos nostrum. Saepe rerum dolorem et sit dolor.', 2, '2024-05-13 17:20:31', '2024-05-13 17:20:31'),
(115, 18, 'Dr. Malachi Lockman', 'Quam earum et vel. Beatae saepe ad voluptatibus qui non. Ut eos ducimus itaque odio.', 1, '2024-05-13 17:20:31', '2024-05-13 17:20:31'),
(116, 43, 'Jeff Harvey', 'Facilis cumque molestias ut. Asperiores est possimus ad rerum maxime. Nisi ab harum in velit adipisci amet.', 5, '2024-05-13 17:20:31', '2024-05-13 17:20:31'),
(117, 16, 'Lloyd Beer III', 'Sit quia magni recusandae aliquid maxime voluptas. Non enim aperiam et est distinctio.', 3, '2024-05-13 17:20:31', '2024-05-13 17:20:31'),
(118, 39, 'Dr. Melissa Cartwright', 'Molestiae omnis deserunt amet aut illum ratione sint. Libero repellat autem maxime consequatur provident adipisci.', 3, '2024-05-13 17:20:31', '2024-05-13 17:20:31'),
(119, 16, 'Odie Kautzer', 'Dicta quas libero inventore ad. Tempora quaerat est aut. Soluta quam enim perferendis eos asperiores ex.', 5, '2024-05-13 17:20:31', '2024-05-13 17:20:31'),
(120, 12, 'Cora Sauer I', 'Corporis sint dolores ab voluptatem nisi repellat dolores ut. Ea id et est ut sunt. Excepturi libero vitae odio et quod quam.', 3, '2024-05-13 17:20:31', '2024-05-13 17:20:31'),
(121, 38, 'Dr. Vivian Hoeger V', 'Aut consectetur exercitationem incidunt nesciunt non est cumque. At cum omnis itaque omnis est illo. Ab dolorum labore voluptatibus qui. Ut quas cupiditate soluta earum blanditiis.', 4, '2024-05-13 17:20:31', '2024-05-13 17:20:31'),
(122, 41, 'Miss Enola Ledner IV', 'Velit ad saepe aut error tempore exercitationem. Tempora consequuntur dolorum aliquid velit sint distinctio. Provident assumenda voluptatem esse doloribus.', 4, '2024-05-13 17:20:31', '2024-05-13 17:20:31'),
(123, 23, 'Dr. Michele Leuschke DVM', 'Necessitatibus eaque eos molestiae quo voluptatem. Vero ducimus quis excepturi quaerat qui. Accusantium quas harum ratione voluptate et aut.', 5, '2024-05-13 17:20:31', '2024-05-13 17:20:31'),
(124, 49, 'Miss Britney Kutch', 'Itaque aperiam odio odio ut. Nulla omnis dolor est omnis. Et sit velit architecto aperiam.', 2, '2024-05-13 17:20:31', '2024-05-13 17:20:31'),
(125, 40, 'Sanford Gerhold', 'Omnis dolor sed ut consectetur ipsum beatae. Quia impedit et nobis dignissimos illum sit. Et modi in et aut minus.', 5, '2024-05-13 17:20:31', '2024-05-13 17:20:31'),
(126, 8, 'Curtis Cassin', 'Voluptatum et eum eos in. Quibusdam neque dicta sunt perferendis nisi ullam rerum ipsam. Unde quae aspernatur debitis sed aliquid. Voluptatem eos sit illo nesciunt repudiandae dolorum fugiat expedita.', 3, '2024-05-13 17:20:31', '2024-05-13 17:20:31'),
(127, 14, 'Adolfo Reilly', 'Quasi non voluptatum est at porro molestias est. Quo et voluptas unde. Minima eos dolorum sed doloribus unde.', 1, '2024-05-13 17:20:31', '2024-05-13 17:20:31'),
(128, 48, 'Mrs. Itzel Harvey', 'Aut voluptate aperiam similique praesentium hic deserunt esse. Consequatur dolor soluta dolores non. Laboriosam facere possimus voluptatem quidem.', 1, '2024-05-13 17:20:31', '2024-05-13 17:20:31'),
(129, 19, 'Bethel Gleichner', 'Cumque aut explicabo iusto sit soluta enim veritatis. Repudiandae debitis est ipsam sed et eum. Odit iusto possimus facilis praesentium dolor voluptas sed.', 0, '2024-05-13 17:20:31', '2024-05-13 17:20:31'),
(130, 24, 'Dallas Spencer III', 'Omnis itaque rem dolor harum molestiae omnis nulla. Dolores non id aut dicta voluptate. Est at debitis odio reiciendis maiores vitae vitae aut.', 5, '2024-05-13 17:20:31', '2024-05-13 17:20:31'),
(131, 45, 'Margaret Orn', 'Mollitia assumenda architecto soluta ut tempora ipsam molestias. Corporis sapiente dolorum nesciunt provident qui in. Sunt et sequi optio et. Iusto dolorem officia possimus quia. Laboriosam illum repudiandae voluptas quibusdam eaque dolorum exercitationem voluptatum.', 2, '2024-05-13 17:20:31', '2024-05-13 17:20:31'),
(132, 46, 'Thea Hermiston DVM', 'Maiores sequi voluptatem quia qui voluptates et. Sed ratione totam exercitationem modi velit enim reprehenderit non. Est et voluptate omnis eveniet mollitia aut. Nostrum voluptatem ut eligendi aut tenetur sit qui.', 3, '2024-05-13 17:20:31', '2024-05-13 17:20:31'),
(133, 10, 'Mr. Dax Cummings III', 'Dignissimos unde maiores et quas expedita. Sint nulla repellendus ipsa pariatur velit. Ex culpa maxime ut distinctio magnam.', 1, '2024-05-13 17:20:31', '2024-05-13 17:20:31'),
(134, 48, 'Pasquale Bechtelar', 'Error necessitatibus facere aut neque iste ut sed rerum. Odit nemo dolorum repellat eum. Eum qui error reprehenderit nulla veritatis voluptatem odio.', 4, '2024-05-13 17:20:31', '2024-05-13 17:20:31'),
(135, 28, 'Prof. Kaden Bahringer', 'Ratione adipisci earum enim hic. Molestiae molestiae repudiandae sit pariatur dicta dignissimos vel. Deleniti quaerat et aperiam assumenda aut in. Labore minima unde vel et. Nisi sint laudantium natus dolorum.', 1, '2024-05-13 17:20:31', '2024-05-13 17:20:31'),
(136, 33, 'Dr. Salvatore West Jr.', 'Distinctio quisquam commodi dicta dolor ex. Est beatae suscipit minima sint molestiae. Laudantium omnis iste et quas. Vel in quia est dolores et et.', 5, '2024-05-13 17:20:31', '2024-05-13 17:20:31'),
(137, 18, 'Antwon Wunsch', 'Culpa reiciendis assumenda blanditiis eos. Porro qui dolores qui recusandae voluptatem consequuntur minus. Autem facere voluptatem quia magni. Fugit sapiente tenetur beatae consequatur quia quis natus.', 1, '2024-05-13 17:20:31', '2024-05-13 17:20:31'),
(138, 6, 'Alexandre Nikolaus Sr.', 'Laboriosam mollitia dolores pariatur exercitationem corporis iste qui. Ratione autem error voluptas aut. Fuga aut facilis inventore qui. Dolorum amet voluptatem modi quaerat et saepe eius.', 3, '2024-05-13 17:20:31', '2024-05-13 17:20:31'),
(139, 9, 'Cristobal Cole', 'Mollitia libero reprehenderit consequatur voluptates ut rerum qui voluptatibus. Impedit qui ex dolore consequatur molestias architecto. Aut est est labore et tempora eos.', 5, '2024-05-13 17:20:31', '2024-05-13 17:20:31'),
(140, 42, 'Dr. Rudolph Bogisich I', 'Rerum eos qui dicta. Nobis sint inventore vel et. Porro dolores quis voluptatem et tempora. Eius rerum ipsam consequatur.', 5, '2024-05-13 17:20:31', '2024-05-13 17:20:31'),
(141, 50, 'Mr. Baron Wilderman V', 'Et ipsam voluptatem nihil possimus. Necessitatibus animi dolorum unde qui. Amet fuga omnis qui ipsa. Recusandae explicabo repellendus a voluptatem ullam maxime.', 5, '2024-05-13 17:20:31', '2024-05-13 17:20:31'),
(142, 16, 'Adela Kub', 'Nihil voluptatem repudiandae blanditiis rerum voluptatum ipsam tenetur. Maiores debitis quia reprehenderit ullam. Eius rem aperiam veritatis tenetur iusto illo voluptas.', 0, '2024-05-13 17:20:31', '2024-05-13 17:20:31'),
(143, 12, 'Alvis Pagac', 'Quis voluptatibus atque enim quaerat deleniti blanditiis consequatur. Facere dolores ullam facilis. Expedita veniam sit odit quasi nemo ea minima. Eveniet omnis accusamus maxime rerum dolore alias ratione.', 4, '2024-05-13 17:20:31', '2024-05-13 17:20:31'),
(144, 48, 'Ms. Vida Mohr Jr.', 'Saepe provident voluptatibus dolores delectus autem aut recusandae. Non amet nam officia deserunt magnam est in illum. Quos et ut aperiam eum hic. Sunt qui facere quos ex sapiente.', 4, '2024-05-13 17:20:31', '2024-05-13 17:20:31'),
(145, 19, 'Maida Stoltenberg', 'Fuga expedita sunt sed nam quis. Aliquam aut cupiditate omnis aut esse. Rem nemo sint rerum quo cum impedit cumque non. Quos voluptas aut eveniet aspernatur impedit.', 0, '2024-05-13 17:20:31', '2024-05-13 17:20:31'),
(146, 21, 'Prof. Therese Gislason', 'Quia dolorem et quia sit dolorem quod. Qui quia illum aut doloremque quam. Dolores voluptatem sit consequatur et laborum explicabo. Voluptas earum asperiores qui sed. Officia maxime ut odio.', 0, '2024-05-13 17:20:31', '2024-05-13 17:20:31'),
(147, 9, 'Tania Zemlak', 'Facilis expedita sint maiores quasi inventore. Veniam sequi aut in reiciendis id qui ducimus. Ut autem odio rerum corporis.', 5, '2024-05-13 17:20:31', '2024-05-13 17:20:31'),
(148, 10, 'Miss Germaine Monahan II', 'Fugit ut sed consequatur qui aperiam. Laborum necessitatibus est est. Laborum voluptatem consequuntur totam accusamus qui. Nobis perspiciatis qui dolores qui sunt. Dolor et quia illo sequi dolores.', 3, '2024-05-13 17:20:31', '2024-05-13 17:20:31'),
(149, 42, 'Francisca Schiller PhD', 'Iure odit reprehenderit vero. Enim esse tenetur facere soluta repudiandae. Ipsa facilis beatae inventore voluptas quis voluptas.', 5, '2024-05-13 17:20:31', '2024-05-13 17:20:31'),
(150, 20, 'Cleta Stehr', 'Ut quasi dolore consequatur odio ut et. Repudiandae animi perferendis harum et et et. Possimus quidem et et. Libero ullam cum eaque impedit necessitatibus et eos qui.', 1, '2024-05-13 17:20:31', '2024-05-13 17:20:31'),
(151, 18, 'Brady Schmitt', 'Placeat laborum et incidunt earum pariatur quam voluptate. Dolor velit illum quidem illo. Provident ut laborum sunt explicabo incidunt consequatur vel.', 0, '2024-05-13 17:20:31', '2024-05-13 17:20:31'),
(152, 5, 'Missouri Bosco', 'Voluptas nemo illo qui sapiente laborum. Officiis eos reprehenderit similique ipsa totam dolor. Fuga totam aspernatur consequatur eos. Occaecati voluptatem ea praesentium tenetur nulla.', 2, '2024-05-13 17:20:31', '2024-05-13 17:20:31'),
(153, 34, 'Hadley Botsford Sr.', 'Inventore voluptates non illum. Deleniti porro nesciunt itaque voluptatem blanditiis. Est mollitia quisquam maiores aliquam libero fuga delectus ea.', 1, '2024-05-13 17:20:31', '2024-05-13 17:20:31'),
(154, 21, 'Hudson Pagac', 'Illum nihil nam facere fugiat. Dolorum ut praesentium fugit ad ut hic voluptatem. Aut pariatur voluptas maiores quidem.', 4, '2024-05-13 17:20:31', '2024-05-13 17:20:31'),
(155, 35, 'Prof. Raul McGlynn', 'Dolore quam ut enim sint id maiores non. Ducimus possimus magnam ut velit. Qui accusantium provident tempora ab dignissimos id.', 4, '2024-05-13 17:20:31', '2024-05-13 17:20:31'),
(156, 48, 'Lukas Altenwerth', 'Nulla porro qui totam cumque neque. Totam repellendus ut corporis in facilis est quia. Aut ratione laudantium quibusdam laudantium rem quae sapiente voluptatem.', 4, '2024-05-13 17:20:31', '2024-05-13 17:20:31'),
(157, 34, 'Niko Bergnaum', 'Officia impedit est excepturi officiis rerum illo tempora. Pariatur dolor minus esse et id. Sunt beatae tempore autem cumque ratione.', 4, '2024-05-13 17:20:31', '2024-05-13 17:20:31'),
(158, 40, 'Tierra Dietrich Jr.', 'Provident et totam consectetur. Quam saepe voluptas distinctio dolores. Ea veritatis dolores incidunt quibusdam nihil quidem. Distinctio voluptates vel dolore quas quos ullam.', 0, '2024-05-13 17:20:31', '2024-05-13 17:20:31'),
(159, 4, 'Van Hilpert', 'Ut et sit fuga dolor rerum. Commodi aliquid aut deleniti totam delectus expedita corporis non. Dignissimos neque ad ad quam repellat explicabo. Delectus quaerat neque et quia provident.', 2, '2024-05-13 17:20:31', '2024-05-13 17:20:31'),
(160, 30, 'Cecile Franecki', 'Dicta eos consequatur eaque. Nostrum quia minus amet et corporis. Consectetur laboriosam et voluptatibus. Id et adipisci mollitia.', 5, '2024-05-13 17:20:31', '2024-05-13 17:20:31'),
(161, 49, 'Dwight Douglas', 'Commodi iure aliquid nostrum labore. Quia distinctio sed temporibus reiciendis voluptatum non. Optio ipsa eum voluptates porro tempore facere laborum. Eum tempore tempore tenetur quo necessitatibus eius fugit veniam.', 3, '2024-05-13 17:20:31', '2024-05-13 17:20:31'),
(162, 35, 'Marlon Lebsack', 'Quo tenetur ipsum est maxime. Id reprehenderit voluptas soluta. Vitae expedita sapiente reiciendis dolorem dignissimos. Sed voluptas et sed reprehenderit minima neque temporibus.', 4, '2024-05-13 17:20:31', '2024-05-13 17:20:31'),
(163, 1, 'Dr. Geoffrey Bosco II', 'Quas quo aut similique consequatur laboriosam eaque. Optio non quo ducimus pariatur est ut delectus. Voluptatem aut ut vel magnam non illum qui. Ipsum et omnis labore adipisci architecto.', 3, '2024-05-13 17:20:31', '2024-05-13 17:20:31'),
(164, 45, 'Prof. Giuseppe Hyatt', 'Omnis qui est autem non nulla. Repellat cumque dolores at impedit suscipit incidunt vel quae. Aut debitis quisquam velit et. Consequatur quam inventore earum minima eaque.', 1, '2024-05-13 17:20:31', '2024-05-13 17:20:31'),
(165, 41, 'Estrella Dach', 'Ratione velit nihil non fugiat est eligendi molestiae. Rerum libero quod voluptatibus ea consequuntur voluptatum eveniet. Qui rerum sed temporibus dolorum. Enim qui eos voluptatem consectetur id numquam.', 5, '2024-05-13 17:20:31', '2024-05-13 17:20:31'),
(166, 21, 'Dr. Ewald Gleichner DDS', 'Assumenda voluptatem repellendus enim laborum quidem sequi. Praesentium animi nemo odit magni necessitatibus vel. Sunt eveniet est amet consequatur saepe aut quas.', 0, '2024-05-13 17:20:31', '2024-05-13 17:20:31'),
(167, 50, 'Hans Bednar', 'Est dolorem eos harum ex corporis repellendus. Praesentium ut quae quia sit. Quia soluta veniam dolorum. Ipsam officiis omnis nobis qui.', 3, '2024-05-13 17:20:31', '2024-05-13 17:20:31'),
(168, 37, 'Prof. Giles Watsica', 'Id quo et ipsa magnam. Nulla doloribus sapiente impedit unde commodi.', 1, '2024-05-13 17:20:31', '2024-05-13 17:20:31'),
(169, 36, 'Prof. Lauren Bayer MD', 'Repellendus sed et voluptatum doloribus rerum vero. Omnis excepturi ad consequuntur eum inventore dolorum. Commodi laudantium doloribus quidem eaque ad dolore voluptas saepe. Repudiandae laborum sint velit est ut esse tenetur.', 2, '2024-05-13 17:20:31', '2024-05-13 17:20:31'),
(170, 21, 'Mr. Royce Zieme', 'Omnis iusto eos minima quibusdam. Qui et accusantium officiis placeat fugit vero eius. Et dignissimos ut magni est reiciendis voluptatem.', 1, '2024-05-13 17:20:31', '2024-05-13 17:20:31'),
(171, 2, 'Zoey Luettgen', 'Voluptas consequatur eaque voluptatem vel soluta atque nisi. Numquam exercitationem omnis ea quo dicta ipsa omnis. Et sapiente necessitatibus sed mollitia temporibus quo sit.', 4, '2024-05-13 17:20:31', '2024-05-13 17:20:31'),
(172, 38, 'Claudia Langosh', 'Alias inventore eveniet vitae dignissimos. Quo officiis quaerat voluptas et quis error occaecati. Dolores a doloribus sunt quis est. Eveniet autem sunt mollitia.', 3, '2024-05-13 17:20:31', '2024-05-13 17:20:31'),
(173, 14, 'Mr. Monty Rutherford DVM', 'Dolor quae nesciunt ipsum quibusdam sit aut repudiandae. Unde architecto temporibus esse maiores magni. Hic unde eum molestias odio sed. Animi est dolorum qui qui amet ipsam rerum.', 4, '2024-05-13 17:20:31', '2024-05-13 17:20:31'),
(174, 1, 'Ms. Meggie D\'Amore III', 'Omnis inventore libero molestiae minima. Voluptatem et eum quas. Sapiente velit iure non eius.', 5, '2024-05-13 17:20:31', '2024-05-13 17:20:31'),
(175, 32, 'Tania Gibson', 'Vel voluptas itaque et voluptas non. Nemo quas ipsum exercitationem soluta laudantium laudantium. Accusamus quia mollitia rem dolor.', 4, '2024-05-13 17:20:31', '2024-05-13 17:20:31'),
(176, 8, 'Carolyn Hackett', 'Fugiat eius ullam quae harum et eos ipsam. Temporibus eveniet aliquid eos voluptatibus autem praesentium. Itaque alias aliquid vel esse similique voluptatem aut.', 2, '2024-05-13 17:20:31', '2024-05-13 17:20:31'),
(177, 15, 'Roslyn Tillman', 'Harum delectus non velit sapiente aut. Veritatis suscipit nam ab mollitia illum. Consequatur quam molestias ullam quibusdam saepe qui.', 4, '2024-05-13 17:20:31', '2024-05-13 17:20:31'),
(178, 44, 'Prof. Lula Adams DVM', 'Inventore odit maxime quisquam nam exercitationem quidem. Quia qui et pariatur voluptatibus exercitationem molestiae earum. Officia repudiandae odio dolorem omnis minus labore.', 4, '2024-05-13 17:20:31', '2024-05-13 17:20:31'),
(179, 4, 'Prof. Antwon Cummerata DDS', 'Eligendi et distinctio explicabo cupiditate illo velit possimus dolores. Enim voluptatem eius velit ab nemo pariatur corrupti. Voluptatem aperiam et rem voluptas molestias nostrum facilis recusandae.', 0, '2024-05-13 17:20:31', '2024-05-13 17:20:31'),
(180, 30, 'Isaac Wolf', 'Ea aperiam cumque et dolor. Dolores excepturi quidem nobis porro ut aliquid. Sit animi dolor dicta similique sit.', 0, '2024-05-13 17:20:31', '2024-05-13 17:20:31'),
(181, 33, 'Mr. Arjun Bauch', 'Voluptatem ea quia doloremque unde et itaque porro fugiat. Nobis impedit non laboriosam. Qui magni eum ipsum temporibus deleniti debitis provident. Ea quis voluptatibus voluptatem a.', 3, '2024-05-13 17:20:31', '2024-05-13 17:20:31'),
(182, 2, 'Leatha Funk', 'Iure et autem qui aut ducimus ut. Debitis voluptates molestiae sed neque rem voluptatum. Minus dolor quam expedita cumque amet. Quasi a temporibus ut quo. Aut sed sed hic placeat ad nobis ipsam.', 0, '2024-05-13 17:20:31', '2024-05-13 17:20:31'),
(183, 32, 'Virgil Bahringer', 'Nam numquam aut dolore dolorum deleniti vel eius. Labore eius deleniti mollitia et. Unde quos et voluptas vero. Et occaecati illum enim repellat cum quia rerum rerum.', 5, '2024-05-13 17:20:31', '2024-05-13 17:20:31'),
(184, 12, 'Joseph Wintheiser', 'Dolore fugit eligendi quae voluptatibus quod. Sequi dolorem natus officia beatae officia quasi. Commodi et aliquam maxime tenetur commodi dolor.', 4, '2024-05-13 17:20:31', '2024-05-13 17:20:31'),
(185, 11, 'Tressie Roob', 'Quod asperiores possimus fuga vero eos animi nesciunt. Incidunt iste aut vel et aspernatur nostrum. Dolor quo magni beatae in. Doloremque consequatur explicabo fugit minus.', 3, '2024-05-13 17:20:31', '2024-05-13 17:20:31'),
(186, 27, 'Mr. Vladimir Mitchell', 'Architecto eveniet perferendis magnam. Voluptate nostrum consequuntur quos voluptates voluptas minus. Sunt corrupti pariatur maiores architecto exercitationem reiciendis molestiae illum. Ut sunt blanditiis natus exercitationem. Saepe unde inventore qui et quia molestias dolor.', 5, '2024-05-13 17:20:31', '2024-05-13 17:20:31'),
(187, 50, 'Kaitlin Feil', 'Ea omnis qui vel ea. Mollitia quo qui nesciunt dolorem nobis illum. Ut est corporis dolor ducimus. Enim quibusdam consequatur voluptatem atque impedit beatae.', 2, '2024-05-13 17:20:31', '2024-05-13 17:20:31'),
(188, 27, 'Jamison Abernathy', 'Molestiae aperiam doloribus est. Voluptas vero aut corporis optio. Est dicta et aliquam sequi nostrum. Accusamus officia sed consectetur ut aut.', 3, '2024-05-13 17:20:31', '2024-05-13 17:20:31'),
(189, 26, 'Ms. Katlynn Oberbrunner', 'Aliquam omnis fugiat praesentium sed aperiam fuga qui. Eius aut quibusdam qui optio at ratione ut. Id iure maiores laborum et alias similique.', 0, '2024-05-13 17:20:31', '2024-05-13 17:20:31'),
(190, 27, 'Alessia Feeney', 'Voluptas iste ut rerum ipsum rem quia dicta. Natus quod voluptatem ullam dolorem repudiandae. Laboriosam est fugit ab accusantium laboriosam voluptas nihil tempora.', 2, '2024-05-13 17:20:31', '2024-05-13 17:20:31'),
(191, 48, 'Pinkie Balistreri', 'Animi et doloremque molestias totam nam quaerat non. Dignissimos autem ut nihil quia provident iusto tempore autem. Explicabo architecto eos velit perspiciatis dolorem sed eaque. Repudiandae nemo numquam perspiciatis.', 0, '2024-05-13 17:20:31', '2024-05-13 17:20:31'),
(192, 46, 'Deron Dooley', 'Animi id temporibus at iure nam quo ut. Nulla incidunt nobis voluptatibus assumenda dolore. Cum architecto recusandae itaque ipsa est omnis ad. Ut quisquam ipsa voluptates et.', 3, '2024-05-13 17:20:31', '2024-05-13 17:20:31'),
(193, 21, 'Deja Reichel', 'Culpa voluptatem quod fugiat ut unde dolore autem. Optio recusandae perferendis commodi molestias et architecto qui. Molestias ut debitis voluptatem. Quis illo enim aut autem cumque.', 1, '2024-05-13 17:20:31', '2024-05-13 17:20:31'),
(194, 9, 'Sydni Goyette', 'Omnis totam in quibusdam enim itaque. Neque explicabo accusamus animi magni distinctio. Nulla laudantium ex inventore hic quo debitis est. Omnis at in quis.', 3, '2024-05-13 17:20:31', '2024-05-13 17:20:31'),
(195, 22, 'Adolphus Larson', 'Dignissimos labore accusantium rerum. Inventore totam enim odit ut et rerum est. Modi optio veritatis ut voluptatem natus ipsam neque numquam. Voluptatem repellat minima quis quas est voluptatem. Eius qui porro cupiditate dolorem.', 5, '2024-05-13 17:20:31', '2024-05-13 17:20:31'),
(196, 11, 'Dr. Vinnie Klein', 'Omnis saepe voluptatem aut vitae. Vel a ab tenetur repudiandae. Debitis sed quae velit. Consequatur et quidem optio facilis aperiam inventore.', 1, '2024-05-13 17:20:31', '2024-05-13 17:20:31'),
(197, 31, 'Prof. Euna Beatty', 'Quam quaerat saepe provident blanditiis corporis dolor. Iste eum quia quaerat et fuga. Cupiditate quia et quo quibusdam eius veniam cumque officia. Culpa rerum nulla vel et omnis aut omnis.', 1, '2024-05-13 17:20:31', '2024-05-13 17:20:31'),
(198, 22, 'Autumn Rodriguez', 'Voluptate dolores fuga consequatur odit laboriosam unde distinctio. Et est eius mollitia numquam nesciunt. Ut minus error iste animi sed.', 3, '2024-05-13 17:20:31', '2024-05-13 17:20:31'),
(199, 5, 'Mr. Denis Bergnaum I', 'Quis suscipit cum excepturi sequi odit amet. Harum quia quidem dolorem cumque vel. Reiciendis autem autem molestias earum aliquam possimus voluptatum.', 0, '2024-05-13 17:20:31', '2024-05-13 17:20:31'),
(200, 35, 'Ms. Kylee Erdman', 'Voluptatem deserunt iure sit accusantium. Aut et et impedit quo. Consequatur recusandae dolore ut.', 3, '2024-05-13 17:20:31', '2024-05-13 17:20:31'),
(201, 5, 'Jordyn Reichert', 'Itaque quia odit ut voluptatum et minus non. Consequatur voluptatem temporibus omnis distinctio sed. Iste optio omnis incidunt et culpa facere dicta.', 4, '2024-05-13 17:20:31', '2024-05-13 17:20:31'),
(202, 46, 'Kathryne Schimmel', 'Fugiat odit error sequi praesentium porro illo. A saepe inventore sapiente autem nemo. Atque nesciunt reprehenderit veniam. Ipsam maiores velit maiores sequi.', 1, '2024-05-13 17:20:31', '2024-05-13 17:20:31'),
(203, 36, 'Ms. Josie McClure III', 'Adipisci laboriosam aliquid ex dignissimos sed laboriosam quia. Quisquam dolores neque tenetur amet minus nisi fuga. Ratione sapiente reiciendis et eos.', 3, '2024-05-13 17:20:31', '2024-05-13 17:20:31'),
(204, 29, 'Mr. Cleo Balistreri', 'Officiis et rerum voluptatem aspernatur aspernatur ullam. Dicta perspiciatis libero nemo. In aut beatae et consequuntur. Quia ratione totam ex asperiores est excepturi.', 4, '2024-05-13 17:20:31', '2024-05-13 17:20:31'),
(205, 38, 'June Reinger', 'Aut error dolorem voluptatem libero. Minus assumenda cupiditate et. Quo quia molestias quis dolorum quod ut id illo. Minima consequatur necessitatibus saepe dolor.', 5, '2024-05-13 17:20:31', '2024-05-13 17:20:31'),
(206, 19, 'Prof. Darren Powlowski', 'At voluptas est iusto quod numquam. Assumenda hic tempora quis voluptate. Quo iste sequi atque rerum. Culpa distinctio et autem rerum ut.', 3, '2024-05-13 17:20:31', '2024-05-13 17:20:31'),
(207, 24, 'Jettie Anderson', 'Ut quia amet sint eius assumenda vel. Corrupti molestias atque est et. Illum occaecati est ipsam voluptate laborum odio incidunt. Harum non sapiente consequuntur perferendis ut.', 0, '2024-05-13 17:20:31', '2024-05-13 17:20:31');
INSERT INTO `reviews` (`id`, `product_id`, `customer`, `review`, `star`, `created_at`, `updated_at`) VALUES
(208, 25, 'Mr. Isaiah Kemmer DVM', 'Ut voluptatem quam quam natus molestiae. Explicabo quis provident at. Error est deserunt cupiditate voluptatum in alias. Rem vero molestiae dolorum eius ratione.', 4, '2024-05-13 17:20:31', '2024-05-13 17:20:31'),
(209, 30, 'Paolo Kling', 'Minima voluptatem doloribus et consequatur dolor repellat ipsum sint. Reiciendis sunt tempore aut quo. Dolorum et necessitatibus enim vel. Quas et nihil repudiandae qui.', 0, '2024-05-13 17:20:31', '2024-05-13 17:20:31'),
(210, 28, 'Jaren Schroeder V', 'Id eos vel minus. Nihil earum modi neque consequuntur voluptatem ea. At distinctio aut dicta ut incidunt omnis.', 2, '2024-05-13 17:20:31', '2024-05-13 17:20:31'),
(211, 22, 'Mr. Consuelo Green IV', 'Repellendus mollitia est sit libero deserunt. Cumque saepe cupiditate est voluptas enim provident laborum incidunt. Necessitatibus et expedita id voluptas voluptatem. Esse id aut ut illo.', 0, '2024-05-13 17:20:31', '2024-05-13 17:20:31'),
(212, 4, 'Prof. Maybell Orn II', 'Non placeat quisquam et nulla pariatur perspiciatis accusantium. Saepe accusamus maiores eum et iure cumque. Sed corrupti amet sit possimus aut magnam fuga.', 0, '2024-05-13 17:20:31', '2024-05-13 17:20:31'),
(213, 49, 'Dr. Helena Cruickshank Jr.', 'Perferendis sint amet facilis veritatis iusto. Sint repellat ratione aliquam eos vero.', 2, '2024-05-13 17:20:31', '2024-05-13 17:20:31'),
(214, 36, 'Corine Ward III', 'Rerum quaerat praesentium et nostrum aliquam earum in. Nulla exercitationem perspiciatis voluptas doloremque. Ipsam corrupti perferendis quos magni.', 1, '2024-05-13 17:20:31', '2024-05-13 17:20:31'),
(215, 26, 'Eliezer Nader DDS', 'Excepturi et et vero nihil. Omnis ea deserunt est numquam soluta. Et rerum quis aliquid ea ipsam cum rem. Quia aut aliquam quis voluptatem dolor repellendus qui.', 0, '2024-05-13 17:20:31', '2024-05-13 17:20:31'),
(216, 41, 'Mr. Jameson Torphy II', 'Dolorum voluptas sint dolore laudantium dolorem. Voluptatem ipsa doloremque laudantium voluptate. Id eos maxime distinctio sunt facere.', 3, '2024-05-13 17:20:31', '2024-05-13 17:20:31'),
(217, 38, 'Ollie Welch', 'Et fugit cum amet illum cupiditate molestiae. Est dicta et quo laudantium in ea velit et. Eligendi dolore blanditiis nobis corporis hic expedita nam.', 2, '2024-05-13 17:20:31', '2024-05-13 17:20:31'),
(218, 3, 'Dr. Koby Rohan', 'Impedit rerum et perferendis ut odit eligendi aut. Neque et et cupiditate officia. Non modi aspernatur aspernatur.', 2, '2024-05-13 17:20:31', '2024-05-13 17:20:31'),
(219, 33, 'Prof. Carey Rau', 'Et doloremque autem voluptas beatae id ea. Voluptatem maxime incidunt vel. Aperiam sapiente voluptas sunt officia voluptates.', 0, '2024-05-13 17:20:31', '2024-05-13 17:20:31'),
(220, 42, 'Damien Gutkowski', 'Facilis sed adipisci omnis natus sapiente. Quaerat deserunt at porro quidem. Officia autem architecto nostrum voluptatibus et id. Facere eveniet sequi id quasi alias ea ut.', 1, '2024-05-13 17:20:31', '2024-05-13 17:20:31'),
(221, 7, 'Miss Estel Morar DVM', 'Vel omnis modi voluptates optio aut quo eos. A illum nihil quis suscipit veniam.', 5, '2024-05-13 17:20:31', '2024-05-13 17:20:31'),
(222, 43, 'Marvin Walter', 'Ab aut harum laboriosam excepturi eligendi nulla. Deleniti debitis est ex natus ipsum earum qui. Ea et molestiae et. Quibusdam ea aut molestias soluta et dolore eum.', 5, '2024-05-13 17:20:31', '2024-05-13 17:20:31'),
(223, 23, 'Lyda Jast', 'In amet quo quo quas quasi maiores incidunt et. Quia mollitia et atque sit iusto eligendi. Aliquam alias cum beatae doloribus atque dolore sapiente. Iure vel quasi ipsam quia ut aut aspernatur. Harum voluptatem debitis quo placeat tenetur.', 2, '2024-05-13 17:20:31', '2024-05-13 17:20:31'),
(224, 12, 'Estefania Witting', 'Reprehenderit dignissimos enim hic expedita ut earum animi. Alias odio laboriosam et sed placeat ea. Aut aut fugit quis quod.', 5, '2024-05-13 17:20:31', '2024-05-13 17:20:31'),
(225, 5, 'Gisselle Gislason PhD', 'Dolorem autem ab illo voluptas nostrum dolore et. Sit doloribus et voluptatem sed amet molestias a. Porro optio voluptates voluptatibus et.', 2, '2024-05-13 17:20:31', '2024-05-13 17:20:31'),
(226, 17, 'Jadon Rutherford', 'Unde sit doloribus id non eius. Commodi dicta sapiente repudiandae. Pariatur et tenetur sit consequuntur. Quo debitis qui laudantium.', 3, '2024-05-13 17:20:31', '2024-05-13 17:20:31'),
(227, 46, 'Dr. Soledad Casper MD', 'Eos ipsum dolorem vel distinctio earum. Voluptates dicta pariatur cumque soluta reprehenderit unde quae. Occaecati ex reprehenderit omnis placeat accusantium non.', 4, '2024-05-13 17:20:31', '2024-05-13 17:20:31'),
(228, 30, 'Elsa Hagenes', 'Sed nihil aut totam laborum. Aut qui enim vel aut vel reiciendis. Aut repellat exercitationem cum. Quas deserunt eos unde animi consequatur vitae.', 0, '2024-05-13 17:20:31', '2024-05-13 17:20:31'),
(229, 10, 'Yolanda Langworth', 'Sunt quia sunt voluptate debitis eaque quis. Natus sit reprehenderit consequatur autem. Repudiandae eos nihil molestiae et.', 0, '2024-05-13 17:20:31', '2024-05-13 17:20:31'),
(230, 42, 'Horacio Ward Sr.', 'Est consequatur eum aperiam consequatur et quasi aut ad. Quae labore a quibusdam consequatur. Ipsam et atque hic quos molestias et. Possimus voluptatem quis molestias qui quis velit. Beatae esse sunt error deleniti repellat.', 4, '2024-05-13 17:20:31', '2024-05-13 17:20:31'),
(231, 4, 'Chris Carroll', 'Nihil sed deleniti vel aut aperiam. Expedita accusamus expedita reprehenderit minima. Pariatur nesciunt aut in consequatur dolores exercitationem quo sed. Quo ratione ullam id fuga illo esse.', 5, '2024-05-13 17:20:31', '2024-05-13 17:20:31'),
(232, 16, 'Enos Erdman', 'Laboriosam est doloremque id. Excepturi ea blanditiis quidem aspernatur. Maiores saepe aut et eligendi eos odit.', 0, '2024-05-13 17:20:31', '2024-05-13 17:20:31'),
(233, 48, 'Dr. Jalen Erdman', 'Cum ut praesentium et nostrum quis et. Tenetur quia beatae soluta nobis beatae. Exercitationem sapiente ut quis.', 3, '2024-05-13 17:20:31', '2024-05-13 17:20:31'),
(234, 38, 'Rosemary Hamill MD', 'Dolores placeat adipisci veniam blanditiis dignissimos adipisci. Incidunt soluta et voluptate deserunt itaque laboriosam. Voluptas repudiandae nobis illo amet minus numquam consequatur dolorem.', 2, '2024-05-13 17:20:31', '2024-05-13 17:20:31'),
(235, 20, 'Dwight Bergnaum', 'Accusamus facere enim at iure. Illo animi voluptas nesciunt earum odio sit asperiores. Non et qui quidem et. Sit asperiores perspiciatis optio asperiores necessitatibus ut.', 0, '2024-05-13 17:20:31', '2024-05-13 17:20:31'),
(236, 16, 'Wilson Feeney', 'Natus non velit aut nulla in recusandae eos. Vel rerum temporibus et voluptatibus. Mollitia consequatur aut soluta nihil iusto. Dolores quia et perferendis repellat est.', 4, '2024-05-13 17:20:31', '2024-05-13 17:20:31'),
(237, 26, 'Miss Tamia Hahn III', 'Eligendi odit ad qui vel ratione odit. Earum qui iusto nihil facilis. Necessitatibus autem saepe sint consequuntur distinctio voluptatem deleniti molestiae.', 3, '2024-05-13 17:20:31', '2024-05-13 17:20:31'),
(238, 29, 'Corbin Jacobson', 'Rerum veritatis voluptate velit et assumenda ea. Quae est aliquam est laborum. Nobis eveniet eaque suscipit quidem. Magnam consequuntur nihil maxime veritatis tenetur.', 5, '2024-05-13 17:20:31', '2024-05-13 17:20:31'),
(239, 5, 'Hilda Erdman', 'Quia temporibus quia ipsum autem. Veritatis excepturi sit voluptas quia laboriosam. Quo facilis porro tempore.', 0, '2024-05-13 17:20:31', '2024-05-13 17:20:31'),
(240, 20, 'Prof. Kenneth Haag', 'Velit a incidunt perspiciatis quos dolor quis. Et ut corporis facere cupiditate necessitatibus. Asperiores modi placeat error sed explicabo.', 3, '2024-05-13 17:20:31', '2024-05-13 17:20:31'),
(241, 39, 'Gerald Towne', 'In velit quia aliquam ut consequatur dolorem et. Quidem illo tenetur ea incidunt. Et sequi nihil enim dolorum est rerum. Minus illum velit accusamus ex rerum adipisci ipsa.', 5, '2024-05-13 17:20:31', '2024-05-13 17:20:31'),
(242, 12, 'Colleen Ritchie', 'Quaerat nihil doloremque dolorem autem libero. Qui ullam necessitatibus vero eveniet. Unde maxime nemo quo atque deleniti necessitatibus mollitia.', 4, '2024-05-13 17:20:31', '2024-05-13 17:20:31'),
(243, 13, 'Amira Osinski', 'Ut id atque nemo hic quis rerum et. Fugit molestiae nam sed error. Nobis itaque magnam dignissimos. Incidunt veniam enim dolor quia ut iste sapiente.', 4, '2024-05-13 17:20:31', '2024-05-13 17:20:31'),
(244, 21, 'Kay Weissnat I', 'Reiciendis blanditiis in dolores vel dignissimos vero corrupti. Eum iure asperiores eveniet assumenda. Eos eum ut omnis in et omnis.', 1, '2024-05-13 17:20:31', '2024-05-13 17:20:31'),
(245, 26, 'Addison Hodkiewicz', 'Nesciunt ea omnis eos architecto excepturi id doloribus atque. Saepe aliquam perspiciatis omnis.', 2, '2024-05-13 17:20:31', '2024-05-13 17:20:31'),
(246, 29, 'Karen Lueilwitz', 'Ut iusto nesciunt a distinctio error quibusdam. Ipsa saepe laudantium nihil sapiente aliquam architecto. Cumque mollitia voluptas animi vero debitis voluptate. Aut praesentium repellendus qui quia non quis nemo.', 3, '2024-05-13 17:20:31', '2024-05-13 17:20:31'),
(247, 46, 'Dr. Craig Reilly', 'Provident expedita ut et animi quam cumque. Expedita reprehenderit eius et. Ut asperiores est consequatur soluta ut incidunt aut possimus. Aut porro est laborum repellendus.', 4, '2024-05-13 17:20:31', '2024-05-13 17:20:31'),
(248, 28, 'Georgianna Dickens', 'Itaque fugiat aut praesentium qui voluptatum perspiciatis. Sequi numquam delectus omnis vero. Est doloremque laborum fugit omnis similique asperiores. Consequatur dignissimos amet non numquam sint corrupti.', 2, '2024-05-13 17:20:31', '2024-05-13 17:20:31'),
(249, 11, 'Maeve Franecki', 'Accusamus tenetur eos eos odio voluptas. Vitae odio unde quo. Nisi non est minima animi.', 0, '2024-05-13 17:20:31', '2024-05-13 17:20:31'),
(250, 2, 'Prof. Barry Schimmel V', 'Sit distinctio nisi sit ut. Ut sapiente eos unde dolor doloremque veritatis omnis. Quas eaque doloribus accusantium doloremque repudiandae consequatur tenetur ex.', 4, '2024-05-13 17:20:31', '2024-05-13 17:20:31'),
(251, 22, 'Geraldine Walsh', 'Error voluptatem vitae et aperiam quia. Dignissimos consequuntur corporis quo ut cupiditate. Iste et veniam voluptate quibusdam sunt et.', 2, '2024-05-13 17:20:31', '2024-05-13 17:20:31'),
(252, 9, 'Norbert Thompson', 'Cumque dolorum molestiae quasi dolor. Nihil similique est facere sapiente in. Ea qui sint porro explicabo et consequatur.', 4, '2024-05-13 17:20:31', '2024-05-13 17:20:31'),
(253, 29, 'Mikel Streich', 'Officiis voluptas sequi adipisci aspernatur. Dignissimos et iusto illum aut doloremque delectus quo. Mollitia voluptatibus voluptas molestias eaque.', 5, '2024-05-13 17:20:31', '2024-05-13 17:20:31'),
(254, 46, 'Karli Hettinger', 'Aperiam illo cupiditate veritatis. Unde in dolores voluptatem voluptatem commodi repellendus. Quae est tempora inventore ullam aut. Est atque cupiditate aspernatur quibusdam similique.', 0, '2024-05-13 17:20:31', '2024-05-13 17:20:31'),
(255, 26, 'Adrianna Hirthe', 'Eaque fuga aliquid amet aut. Cum natus quod omnis odit quam cumque. Fuga quam vero dolorem repellat at dolorem ipsa.', 2, '2024-05-13 17:20:31', '2024-05-13 17:20:31'),
(256, 50, 'Saige Conn II', 'Commodi et quis molestiae doloremque. Ut non dolorem et quo eaque iure. Fugit et nesciunt cumque quia. Inventore praesentium expedita iste.', 3, '2024-05-13 17:20:31', '2024-05-13 17:20:31'),
(257, 49, 'Miss Ottilie Homenick', 'Et fugit aspernatur vel blanditiis velit. Dolorum molestiae sed est est. Minima laborum aut dolor consequatur ea architecto cum. Aut nihil neque temporibus placeat doloremque nihil.', 0, '2024-05-13 17:20:31', '2024-05-13 17:20:31'),
(258, 3, 'Geovanny Abshire', 'Est eum omnis ut. Hic quam esse temporibus. Tempora fugit et incidunt consequuntur ipsa.', 1, '2024-05-13 17:20:31', '2024-05-13 17:20:31'),
(259, 50, 'Prof. Jean Powlowski', 'Consequatur assumenda provident molestias possimus eligendi quisquam. In quis quia sit omnis incidunt. Molestiae et fugiat vero non sit.', 4, '2024-05-13 17:20:31', '2024-05-13 17:20:31'),
(260, 41, 'Elliot Schaden', 'Sapiente doloremque facere qui nostrum. Numquam ipsam praesentium qui ipsum quisquam. Delectus maxime explicabo et nihil assumenda. Illum atque earum eum qui dolorem quibusdam ex eum.', 4, '2024-05-13 17:20:31', '2024-05-13 17:20:31'),
(261, 49, 'Mr. Rex Gusikowski', 'Voluptatem consectetur quis impedit a eveniet maxime suscipit suscipit. Illum mollitia et quaerat porro dolor et. Quia minima eum velit veniam velit voluptatum dolor.', 4, '2024-05-13 17:20:31', '2024-05-13 17:20:31'),
(262, 14, 'Jerome Schowalter', 'Vel quas adipisci itaque porro nisi qui excepturi adipisci. Velit earum nihil nihil et voluptatem. Fuga quo quasi eos deleniti fugit. Voluptatem voluptas vitae nam et.', 4, '2024-05-13 17:20:31', '2024-05-13 17:20:31'),
(263, 9, 'Prof. Doyle Swift', 'Possimus provident consequatur dolorum consequuntur est aut. Iure facere consectetur debitis et explicabo. Nihil veniam dolor deleniti numquam voluptas sunt.', 2, '2024-05-13 17:20:31', '2024-05-13 17:20:31'),
(264, 20, 'Prof. Jacquelyn Metz', 'Ut sed id mollitia totam. Cupiditate est officiis minima eum. Hic aliquid velit ut est ut quidem sed. Blanditiis est magnam iure aperiam.', 0, '2024-05-13 17:20:31', '2024-05-13 17:20:31'),
(265, 22, 'Dr. Wilmer Konopelski II', 'Perspiciatis dolor enim aliquam illum vero. Ut accusantium omnis expedita accusantium. Corporis autem molestiae ut autem id et qui. Architecto et nam et magnam.', 5, '2024-05-13 17:20:31', '2024-05-13 17:20:31'),
(266, 22, 'Prof. Benny Pacocha', 'Omnis omnis maiores laborum maxime. Ut tempora vel odit. Illo tempora animi delectus non.', 3, '2024-05-13 17:20:31', '2024-05-13 17:20:31'),
(267, 21, 'Manley Conroy IV', 'Veniam ut et dolores animi est voluptas. Numquam veritatis reprehenderit sit modi dolore.', 5, '2024-05-13 17:20:31', '2024-05-13 17:20:31'),
(268, 14, 'Prof. Giles Jacobi II', 'Consequatur quisquam et consequatur. Quos voluptates dicta harum aliquam neque cupiditate omnis eos. Corporis officiis illum tenetur rem error ducimus. Sequi sit vero id beatae quo. Quam sint omnis praesentium ipsum sit nostrum mollitia autem.', 3, '2024-05-13 17:20:31', '2024-05-13 17:20:31'),
(269, 46, 'Ethel Ryan Jr.', 'Nulla quam atque animi at dolorem velit. Earum ipsa atque dolorem in fugiat. Laudantium nesciunt quis quis velit.', 3, '2024-05-13 17:20:31', '2024-05-13 17:20:31'),
(270, 31, 'Sylvester Jacobi', 'Voluptas similique repudiandae non tenetur. Aut voluptatem et et qui fuga. Reprehenderit maiores at voluptas illum est tenetur ea.', 5, '2024-05-13 17:20:31', '2024-05-13 17:20:31'),
(271, 29, 'Dr. Abdiel Carroll MD', 'Saepe labore in temporibus laudantium aliquam id eveniet. Est inventore unde fuga.', 3, '2024-05-13 17:20:31', '2024-05-13 17:20:31'),
(272, 12, 'Adolphus Feest', 'Aliquid cum rerum perspiciatis et sequi est omnis. Numquam eveniet quisquam quia pariatur ipsa est et. Veritatis eos ut ut rerum quis.', 2, '2024-05-13 17:20:31', '2024-05-13 17:20:31'),
(273, 38, 'Miss Krystina Romaguera', 'Voluptate vero aut laboriosam inventore alias ipsum. Est alias enim aut corrupti ut illum ab. Non eaque officia labore est necessitatibus. Mollitia sed voluptate quas odit quisquam quisquam repellat. Incidunt possimus quaerat molestiae aperiam sint.', 2, '2024-05-13 17:20:31', '2024-05-13 17:20:31'),
(274, 50, 'Irving Kunde', 'Fuga molestiae eaque rerum quis provident. Alias consequuntur alias harum expedita eum. Nobis dolorum quasi autem nulla quo libero similique aut. Est ipsam nulla a in libero officia.', 1, '2024-05-13 17:20:31', '2024-05-13 17:20:31'),
(275, 27, 'Serenity Block II', 'Eveniet quos ad minus occaecati. Est debitis autem consequatur cupiditate. Sint architecto enim id non minus excepturi.', 3, '2024-05-13 17:20:31', '2024-05-13 17:20:31'),
(276, 50, 'Katelynn Kassulke DVM', 'Adipisci nobis odit quod et dolore. Unde est dolores architecto eos sit laboriosam qui. Ipsum dolorem maxime dolor. Amet eligendi praesentium qui doloribus provident. Quibusdam sint enim hic.', 2, '2024-05-13 17:20:31', '2024-05-13 17:20:31'),
(277, 49, 'Rachelle Cremin', 'Quod enim labore repellendus incidunt. Voluptas quae molestias ut sed ut dolorem odio. Soluta vero sint ut facere ut at aspernatur.', 2, '2024-05-13 17:20:31', '2024-05-13 17:20:31'),
(278, 39, 'Lysanne Witting', 'Aspernatur nemo velit qui excepturi. Explicabo praesentium non ducimus. Sit et ipsam ipsa placeat consequuntur voluptas iusto. Commodi quisquam et necessitatibus porro velit et dolores rerum.', 2, '2024-05-13 17:20:31', '2024-05-13 17:20:31'),
(279, 9, 'Prof. Delia Witting IV', 'Voluptatem explicabo aut temporibus beatae. Voluptatum voluptatum ad dolore et. Voluptatem delectus aliquid ipsam officia ex corporis.', 4, '2024-05-13 17:20:31', '2024-05-13 17:20:31'),
(280, 42, 'Sylvester Hammes', 'Cum est repellendus voluptatem quo aut laborum. Facere esse corrupti voluptas vel. Et qui a sint sunt ut possimus.', 0, '2024-05-13 17:20:31', '2024-05-13 17:20:31'),
(281, 28, 'Sebastian Mante', 'Sapiente ut minus aut amet autem. Cupiditate repellendus ut blanditiis repudiandae. Eius voluptatem mollitia qui mollitia blanditiis aliquid ipsa et. Provident molestiae asperiores voluptas.', 5, '2024-05-13 17:20:31', '2024-05-13 17:20:31'),
(282, 36, 'Mr. Emilio Gerlach Sr.', 'Enim et voluptas et doloremque et necessitatibus. Beatae repudiandae maxime aspernatur doloremque dolorem cumque ipsam. Cupiditate nemo voluptatem ex nulla est esse. Aliquid ducimus tempora amet similique natus qui.', 0, '2024-05-13 17:20:31', '2024-05-13 17:20:31'),
(283, 2, 'Maybelle Gulgowski', 'Eum optio nulla dolor omnis adipisci. Repellat vel consequatur voluptas sint iure iste. Rerum rerum id sint quia totam animi. Occaecati cumque deserunt voluptate iure. Molestias aut non rerum quia voluptate similique dolore.', 4, '2024-05-13 17:20:31', '2024-05-13 17:20:31'),
(284, 16, 'Wilton Heathcote III', 'Maiores corporis consequatur voluptatum fugiat. Porro minima molestiae perferendis nemo omnis quis.', 4, '2024-05-13 17:20:31', '2024-05-13 17:20:31'),
(285, 43, 'Miss Kavon McDermott Sr.', 'Soluta reiciendis qui aperiam et tempore. Ducimus sit neque tempora doloribus. Iure rem tempore est at sequi rerum a aut.', 3, '2024-05-13 17:20:31', '2024-05-13 17:20:31'),
(286, 34, 'Reagan Parisian', 'Omnis enim beatae adipisci. Corporis est sapiente voluptatem voluptatem sint quia nam. Quaerat amet nihil vitae.', 4, '2024-05-13 17:20:31', '2024-05-13 17:20:31'),
(287, 3, 'Florine Dickens', 'Ipsa velit sit aut ut. Voluptatem corrupti sit commodi similique perferendis in rerum voluptatem.', 2, '2024-05-13 17:20:31', '2024-05-13 17:20:31'),
(288, 33, 'Alisha Flatley', 'Dolores voluptatem vero sed et. Distinctio nemo quas ut voluptates. Quis et repudiandae pariatur expedita corrupti non. Cum est aliquam accusantium accusantium dicta magni id.', 4, '2024-05-13 17:20:31', '2024-05-13 17:20:31'),
(289, 12, 'Mr. Kolby McLaughlin', 'Aut blanditiis magnam temporibus. Beatae suscipit est doloribus animi. Nisi natus facilis provident excepturi molestiae. Odio ut perspiciatis veniam nemo.', 4, '2024-05-13 17:20:31', '2024-05-13 17:20:31'),
(290, 15, 'Blair Lowe MD', 'Quod voluptates aut quis et. Impedit quisquam mollitia qui repudiandae doloremque. Placeat consequatur ipsa vel.', 0, '2024-05-13 17:20:31', '2024-05-13 17:20:31'),
(291, 20, 'Mr. Adolphus Douglas', 'Maiores neque qui omnis ex deleniti nulla officia. Minima et sint in mollitia ipsam cupiditate minima. Laudantium est velit ut illo ratione.', 1, '2024-05-13 17:20:31', '2024-05-13 17:20:31'),
(292, 38, 'Regan Morar PhD', 'Consectetur sequi hic dicta consequatur quas. Ex illum voluptatem et eos ullam. Alias laborum fuga nesciunt fuga qui voluptatem esse dicta.', 3, '2024-05-13 17:20:31', '2024-05-13 17:20:31'),
(293, 4, 'Dr. Lloyd Hoeger', 'Esse veritatis voluptatem sed qui dolor odio. Autem illum cumque consequatur mollitia voluptas tempore veritatis. Quasi distinctio est molestias laudantium dicta magni et. Sunt dolorem fugiat suscipit ducimus et.', 1, '2024-05-13 17:20:31', '2024-05-13 17:20:31'),
(294, 9, 'Johanna Gerhold', 'Repudiandae maiores minus molestiae ducimus similique adipisci. Sed quam nemo omnis veniam. Soluta tempore aut sint perspiciatis. Officiis sit facilis unde velit.', 5, '2024-05-13 17:20:31', '2024-05-13 17:20:31'),
(295, 18, 'Dr. Devan Kozey', 'Tempora est laudantium nisi similique repudiandae nulla quasi. Maiores molestias iure alias.', 0, '2024-05-13 17:20:31', '2024-05-13 17:20:31'),
(296, 39, 'Jaime Okuneva', 'Nemo ut illo odit occaecati. Sint ducimus a illo quaerat quae. Architecto dignissimos esse sint dolorum eum dolor molestiae. Fuga quia ipsa mollitia nulla aperiam aliquam.', 4, '2024-05-13 17:20:31', '2024-05-13 17:20:31'),
(297, 10, 'Emilie Boyer', 'Est quaerat ex ratione incidunt vel non repellendus sed. Sit cumque minima eaque rerum. Soluta animi iste incidunt accusantium ex occaecati consequatur. Cupiditate dolorem in quidem alias similique sint non.', 2, '2024-05-13 17:20:31', '2024-05-13 17:20:31'),
(298, 30, 'Vida Harvey', 'Impedit eaque maiores sed aut quia et. Impedit deleniti quam necessitatibus non. Atque perferendis dolores autem magni laboriosam tenetur.', 5, '2024-05-13 17:20:31', '2024-05-13 17:20:31'),
(299, 21, 'Ida Prohaska', 'At ut amet est magni sit. Odit quis a delectus in porro earum ipsam. Assumenda rem illo ut aut ipsa et. Molestiae perspiciatis error amet ducimus fuga quasi enim. Excepturi quo qui omnis tempora aliquam.', 4, '2024-05-13 17:20:31', '2024-05-13 17:20:31'),
(300, 16, 'Mrs. Lenore Kozey Jr.', 'Inventore consequatur ut deleniti reiciendis enim doloribus harum. Dolores beatae similique odio et aspernatur reprehenderit quo laudantium. Adipisci aspernatur quia omnis.', 3, '2024-05-13 17:20:31', '2024-05-13 17:20:31');

-- --------------------------------------------------------

--
-- Estructura de tabla para la tabla `users`
--

CREATE TABLE `users` (
  `id` bigint(20) UNSIGNED NOT NULL,
  `name` varchar(255) COLLATE utf8mb4_unicode_ci NOT NULL,
  `email` varchar(255) COLLATE utf8mb4_unicode_ci NOT NULL,
  `email_verified_at` timestamp NULL DEFAULT NULL,
  `password` varchar(255) COLLATE utf8mb4_unicode_ci NOT NULL,
  `remember_token` varchar(100) COLLATE utf8mb4_unicode_ci DEFAULT NULL,
  `created_at` timestamp NULL DEFAULT NULL,
  `updated_at` timestamp NULL DEFAULT NULL
) ENGINE=InnoDB DEFAULT CHARSET=utf8mb4 COLLATE=utf8mb4_unicode_ci;

--
-- Índices para tablas volcadas
--

--
-- Indices de la tabla `failed_jobs`
--
ALTER TABLE `failed_jobs`
  ADD PRIMARY KEY (`id`),
  ADD UNIQUE KEY `failed_jobs_uuid_unique` (`uuid`);

--
-- Indices de la tabla `migrations`
--
ALTER TABLE `migrations`
  ADD PRIMARY KEY (`id`);

--
-- Indices de la tabla `password_resets`
--
ALTER TABLE `password_resets`
  ADD KEY `password_resets_email_index` (`email`);

--
-- Indices de la tabla `personal_access_tokens`
--
ALTER TABLE `personal_access_tokens`
  ADD PRIMARY KEY (`id`),
  ADD UNIQUE KEY `personal_access_tokens_token_unique` (`token`),
  ADD KEY `personal_access_tokens_tokenable_type_tokenable_id_index` (`tokenable_type`,`tokenable_id`);

--
-- Indices de la tabla `products`
--
ALTER TABLE `products`
  ADD PRIMARY KEY (`id`);

--
-- Indices de la tabla `reviews`
--
ALTER TABLE `reviews`
  ADD PRIMARY KEY (`id`),
  ADD KEY `reviews_product_id_index` (`product_id`);

--
-- Indices de la tabla `users`
--
ALTER TABLE `users`
  ADD PRIMARY KEY (`id`),
  ADD UNIQUE KEY `users_email_unique` (`email`);

--
-- AUTO_INCREMENT de las tablas volcadas
--

--
-- AUTO_INCREMENT de la tabla `failed_jobs`
--
ALTER TABLE `failed_jobs`
  MODIFY `id` bigint(20) UNSIGNED NOT NULL AUTO_INCREMENT;

--
-- AUTO_INCREMENT de la tabla `migrations`
--
ALTER TABLE `migrations`
  MODIFY `id` int(10) UNSIGNED NOT NULL AUTO_INCREMENT, AUTO_INCREMENT=7;

--
-- AUTO_INCREMENT de la tabla `personal_access_tokens`
--
ALTER TABLE `personal_access_tokens`
  MODIFY `id` bigint(20) UNSIGNED NOT NULL AUTO_INCREMENT;

--
-- AUTO_INCREMENT de la tabla `products`
--
ALTER TABLE `products`
  MODIFY `id` int(10) UNSIGNED NOT NULL AUTO_INCREMENT, AUTO_INCREMENT=51;

--
-- AUTO_INCREMENT de la tabla `reviews`
--
ALTER TABLE `reviews`
  MODIFY `id` bigint(20) UNSIGNED NOT NULL AUTO_INCREMENT, AUTO_INCREMENT=301;

--
-- AUTO_INCREMENT de la tabla `users`
--
ALTER TABLE `users`
  MODIFY `id` bigint(20) UNSIGNED NOT NULL AUTO_INCREMENT;

--
-- Restricciones para tablas volcadas
--

--
-- Filtros para la tabla `reviews`
--
ALTER TABLE `reviews`
  ADD CONSTRAINT `reviews_product_id_foreign` FOREIGN KEY (`product_id`) REFERENCES `products` (`id`) ON DELETE CASCADE;
COMMIT;

/*!40101 SET CHARACTER_SET_CLIENT=@OLD_CHARACTER_SET_CLIENT */;
/*!40101 SET CHARACTER_SET_RESULTS=@OLD_CHARACTER_SET_RESULTS */;
/*!40101 SET COLLATION_CONNECTION=@OLD_COLLATION_CONNECTION */;
